filename,appearance
img_d05f4f0816.jpg,0
img_2b47871b5a.jpg,0
img_c544465f7b.jpg,0
img_efc0f08101.jpg,0
img_faa68b14af.jpg,0
img_b957c37996.jpg,0
img_43e55e6200.jpg,0
img_483cc6068c.jpg,0
img_17a67c6dca.jpg,0
img_6b2887202c.jpg,0
img_32cd6e57e4.jpg,0
img_dcc8aeeaab.jpg,0
img_0feb430b54.jpg,0
img_950374d1b9.jpg,0
img_338152d43c.jpg,0
img_ccc6041e64.jpg,0
img_704d8ed1d9.jpg,0
img_e0feb28e6a.jpg,0
img_030c407f65.jpg,0
img_57d13284b8.jpg,0
img_3ac260ff0b.jpg,0
img_5f574643e2.jpg,0
img_5b195ebe59.jpg,0
img_20acfdf58c.jpg,0
img_1bbc31112b.jpg,0
img_e132cd354f.jpg,0
img_3d2c36f6c0.jpg,0
img_e0812e35c5.jpg,0
img_129a629535.jpg,0
img_5bdfc2a4fe.jpg,0
img_f91dba81de.jpg,0
img_d599b4a1a7.jpg,0
img_1d40371c29.jpg,0
img_a7775e341f.jpg,0
img_19df88d502.jpg,0
img_2c965a5ede.jpg,0
img_5d53fd3ed9.jpg,0
img_866412a9ae.jpg,0
img_4c388ee739.jpg,0
img_1e7a7b57f9.jpg,0
img_acc5f5a27d.jpg,0
img_84548ea314.jpg,0
img_a31350371a.jpg,0
img_228acff634.jpg,0
img_27a63ae6ff.jpg,0
img_2746d56bb5.jpg,0
img_de63c16f59.jpg,0
img_9a16f38046.jpg,0
img_fc9eb4079d.jpg,0
img_da6b0d8bac.jpg,0
img_c929d79e9a.jpg,0
img_2939157202.jpg,0
img_cc743b1049.jpg,0
img_054d882029.jpg,0
img_2b2090d9b7.jpg,0
img_487b65b966.jpg,0
img_72efe4e61a.jpg,0
img_a85f73193a.jpg,0
img_880580a28a.jpg,0
img_6d9c60fc32.jpg,0
img_432418c73d.jpg,0
img_43bb80037f.jpg,0
img_747eb43354.jpg,0
img_8a3b2d0470.jpg,0
img_da10cc7e50.jpg,0
img_b9ac1887f5.jpg,0
img_fdedc28af9.jpg,0
img_39712bf869.jpg,0
img_843434e443.jpg,0
img_7d12ef054a.jpg,0
img_569424131a.jpg,0
img_d3a813d71b.jpg,0
img_2aa06e29ef.jpg,0
img_2b031ad97d.jpg,0
img_e6abc2f39c.jpg,0
img_e8c5353b7c.jpg,0
img_17c49c6851.jpg,0
img_95b5fe9224.jpg,0
img_b1f0ebbdb8.jpg,0
img_bad9988888.jpg,0
img_20e58fbfb6.jpg,0
img_8330b72830.jpg,0
img_8d2d7e1812.jpg,0
img_e90478498f.jpg,0
img_134d7f4d8b.jpg,0
img_b99a7f0100.jpg,0
img_65f5c5adcf.jpg,0
img_1c97991023.jpg,0
img_2e7c4976ca.jpg,0
img_6d5cf4eaf0.jpg,0
img_326418a59d.jpg,0
img_babf6df103.jpg,0
img_f2968da7dd.jpg,0
img_68637cc3cc.jpg,0
img_60c6a8c7dc.jpg,0
img_66ef3461d1.jpg,0
img_250a8941d9.jpg,0
img_95a9517c86.jpg,0
img_d03d7a1231.jpg,0
img_7073aa2c12.jpg,0
img_5d3e0030cb.jpg,0
img_68928f14cb.jpg,0
img_9affa753d7.jpg,0
img_bacca98252.jpg,0
img_f8c7487783.jpg,0
img_7890d6157e.jpg,0
img_75332c88e1.jpg,0
img_6ad7641b58.jpg,0
img_d45524c46b.jpg,0
img_ad5090d6cd.jpg,0
img_56927036dd.jpg,0
img_7f24ed8c03.jpg,0
img_dfa31c6bb5.jpg,0
img_ed31587a4a.jpg,0
img_76998a6928.jpg,0
img_403a743422.jpg,0
img_cdc047b929.jpg,0
img_45f16ae6aa.jpg,0
img_4df53d9db2.jpg,0
img_ae3cc97360.jpg,0
img_3b0457270f.jpg,0
img_fa9c43c1b6.jpg,0
img_1ef69172db.jpg,0
img_034044825b.jpg,0
img_2a38c65f97.jpg,0
img_c792aec77a.jpg,0
img_238c9c8836.jpg,0
img_d3c6012225.jpg,0
img_bcabe5fbb7.jpg,0
img_0d9d143259.jpg,0
img_22f88bcc2b.jpg,0
img_ac4520f2b8.jpg,0
img_172216ff54.jpg,0
img_8025c46516.jpg,0
img_0f35ba6a2d.jpg,0
img_225222ffc5.jpg,0
img_1f606af614.jpg,0
img_35405ff6ae.jpg,0
img_3183a31fe5.jpg,0
img_5020c97912.jpg,0
img_0d8a1f311f.jpg,0
img_5b1034524d.jpg,0
img_3af571534e.jpg,0
img_b716d4311a.jpg,0
img_43c2f1850b.jpg,0
img_7cd8102619.jpg,0
img_5a7fcb6c8f.jpg,0
img_a4202631bf.jpg,0
img_c79281ece6.jpg,0
img_8b05be1166.jpg,0
img_c04716c609.jpg,0
img_e458692cc3.jpg,0
img_1fe183d3fe.jpg,0
img_91285ce193.jpg,0
img_ba6b239f7b.jpg,0
img_0b605c716d.jpg,0
img_72341a290d.jpg,0
img_979169d842.jpg,0
img_a7ebb2337a.jpg,0
img_c32a15b0cd.jpg,0
img_deedab1363.jpg,0
img_5a7664fd39.jpg,0
img_94bf35b77c.jpg,0
img_f56c3e563c.jpg,0
img_f270e71ab9.jpg,0
img_a58e89f714.jpg,0
img_adc2d36b48.jpg,0
img_c9a15aaf30.jpg,0
img_8d23e511b2.jpg,0
img_309692dbd6.jpg,0
img_6820f21425.jpg,0
img_11c0c3275f.jpg,0
img_f6489efbd5.jpg,0
img_19970fe913.jpg,0
img_baebea19c4.jpg,0
img_0642858952.jpg,0
img_049b7a04b7.jpg,0
img_b32a8e8b39.jpg,0
img_e1fb05357b.jpg,0
img_0a95ea822d.jpg,0
img_5e1646ac87.jpg,0
img_3299b9354a.jpg,0
img_2ccf445437.jpg,0
img_4e91fc1028.jpg,0
img_809ce7e51b.jpg,0
img_0613d05955.jpg,0
img_7e1b61b8e8.jpg,0
img_f787f7a36a.jpg,0
img_cd00f4c1a3.jpg,0
img_ccf563d5f6.jpg,0
img_390c00c285.jpg,0
img_f8797507fe.jpg,0
img_21fb8b18e2.jpg,0
img_09463c5e67.jpg,0
img_b583beff86.jpg,0
img_bd0e0201a0.jpg,0
img_0919d82338.jpg,0
img_9febe16a69.jpg,0
img_aa46a5e744.jpg,0
img_964acbd38a.jpg,0
img_c3920e84f3.jpg,0
img_5776799a6b.jpg,0
img_ec0939126b.jpg,0
img_b587beae24.jpg,0
img_7542a47802.jpg,0
img_2fc9929521.jpg,0
img_a41e56e9fe.jpg,0
img_b41bdb8481.jpg,0
img_5237b2b632.jpg,0
img_571037ce78.jpg,0
img_411aa085e8.jpg,0
img_eda2b4ace9.jpg,0
img_849d265268.jpg,0
img_24c35f91df.jpg,0
img_1d12058d89.jpg,0
img_ecac9811b6.jpg,0
img_012a1afc1e.jpg,0
img_c06fcf7d14.jpg,0
img_7c47587a30.jpg,0
img_72728df5c8.jpg,0
img_522b902ec0.jpg,0
img_8f9435176d.jpg,0
img_3ac6c05a42.jpg,0
img_6d65aca2cf.jpg,0
img_7a60a84dbd.jpg,0
img_07a1b9b69e.jpg,0
img_53fa8a216b.jpg,0
img_d64be0d290.jpg,0
img_cad08cc102.jpg,0
img_1c495f720f.jpg,0
img_51ba6a6bd3.jpg,0
img_d89001c361.jpg,0
img_e40b002bc7.jpg,0
img_f7faa7d1c7.jpg,0
img_65d2b1c773.jpg,0
img_5330afc90a.jpg,0
img_feefab4670.jpg,0
img_6f45b0345f.jpg,0
img_b5916be05a.jpg,0
img_a81c4e24fd.jpg,0
img_f2a450077f.jpg,0
img_86ea11203a.jpg,0
img_46bd7a24d4.jpg,0
img_dd2924bb41.jpg,0
img_3b75d30c76.jpg,0
img_5c25d300b4.jpg,0
img_27544bf65c.jpg,0
img_060112f8e4.jpg,0
img_788ce7f669.jpg,0
img_3001bb70fc.jpg,0
img_17f0a82c46.jpg,0
img_8114d57cd5.jpg,0
img_37f8fe39f0.jpg,0
img_85eb944c8c.jpg,0
img_963f16f75c.jpg,0
img_c8a01ec05d.jpg,0
img_79df4667fc.jpg,0
img_9fbb370662.jpg,0
img_69b2e1ffaf.jpg,0
img_e7c21db3b9.jpg,0
img_d2d8a21936.jpg,0
img_c2244600ed.jpg,0
img_f028285de2.jpg,0
img_b8ed2fffc5.jpg,0
img_5b7d042d41.jpg,0
img_06d8980b75.jpg,0
img_c8e069f676.jpg,0
img_7ba213ccb4.jpg,0
img_e4d06f4c49.jpg,0
img_3698e9bef1.jpg,0
img_640c1a36fe.jpg,0
img_65cb3ea1a1.jpg,0
img_6ff69004b5.jpg,0
img_79c0f8e633.jpg,0
img_4260627063.jpg,0
img_8d32b7fd27.jpg,0
img_d7b4701d65.jpg,0
img_53692e53bc.jpg,0
img_6e3f79a3c0.jpg,0
img_44594a298b.jpg,0
img_a53a288d43.jpg,0
img_51fdb14d6c.jpg,0
img_d8277d01a3.jpg,0
img_2724a64ce0.jpg,0
img_e45ca494da.jpg,0
img_89b05ff37c.jpg,0
img_80c1cc7572.jpg,0
img_6b928ed0a9.jpg,0
img_ab76d1efbe.jpg,0
img_88cc0adfb8.jpg,0
img_ab53df7a8d.jpg,0
img_f3c0e6010f.jpg,0
img_977cd77beb.jpg,0
img_cd0752e099.jpg,0
img_25724c5d6d.jpg,0
img_a57b03422c.jpg,0
img_58604c6378.jpg,0
img_9478d95671.jpg,0
img_d342a00c95.jpg,0
img_242170e222.jpg,0
img_2d5d7970e6.jpg,0
img_9260619b7d.jpg,0
img_3b0f9ef8da.jpg,0
img_5e4c2521ca.jpg,0
img_60852678f0.jpg,0
img_2a53a97e22.jpg,0
img_8075f7c58a.jpg,0
img_0c912534ca.jpg,0
img_7c9f456701.jpg,0
img_c1173b2c87.jpg,0
img_6ffa862c08.jpg,0
img_c7123ad2a5.jpg,0
img_f8ffd5a5f7.jpg,0
img_a34f49921d.jpg,0
img_035dc6c39f.jpg,0
img_68438316ab.jpg,0
img_4361015a79.jpg,0
img_bab83aa168.jpg,0
img_4a5d6dfc34.jpg,0
img_ce0f2bd5e4.jpg,0
img_fb5955a7f4.jpg,0
img_ff6007fa60.jpg,0
img_4868d96011.jpg,0
img_32d63218cb.jpg,0
img_c4c8007261.jpg,0
img_36924f051a.jpg,0
img_3014e9f455.jpg,0
img_513c04c6ae.jpg,0
img_0192384ff6.jpg,0
img_918b95c65c.jpg,0
img_8077674584.jpg,0
img_91d777d993.jpg,0
img_28e9511166.jpg,0
img_7a0e70e251.jpg,0
img_d65072d3b1.jpg,0
img_c750fde618.jpg,0
img_451d9faa3d.jpg,0
img_37cf1b093e.jpg,0
img_7c4df2b2d9.jpg,0
img_7e40bb5325.jpg,0
img_38cd3cd080.jpg,0
img_0782ad7fbb.jpg,0
img_5999f1f9a0.jpg,0
img_51eeed0d76.jpg,0
img_1444783aa4.jpg,0
img_333de0e793.jpg,0
img_6a87c7410a.jpg,0
img_9afb5f9b91.jpg,0
img_4a28c3eefa.jpg,0
img_65563b086a.jpg,0
img_9e34d1f045.jpg,0
img_507c458bdd.jpg,0
img_0387729f74.jpg,0
img_41581a8ed5.jpg,0
img_917b019c34.jpg,0
img_7d7f69be70.jpg,0
img_cda5d7f41a.jpg,0
img_e967214266.jpg,0
img_4f273faf2e.jpg,0
img_8e0bccebb8.jpg,0
img_e8239a0872.jpg,0
img_9b3f29a6ed.jpg,0
img_1cd9b90b98.jpg,0
img_735dd49f1e.jpg,0
img_51b7e28b61.jpg,0
img_9202cde69b.jpg,0
img_1a64007609.jpg,0
img_ed636d1aaf.jpg,0
img_4500f1ecc1.jpg,0
img_ca2b55c61f.jpg,0
img_9f63450afa.jpg,0
img_f4fa75a4f0.jpg,0
img_285006f880.jpg,0
img_1995ce1ef0.jpg,0
img_30a132b2c0.jpg,0
img_3fd7ff1a2a.jpg,0
img_8a0ab02af8.jpg,0
img_30f3506439.jpg,0
img_8ba6535fc6.jpg,0
img_6b893f3038.jpg,0
img_50a7b05d1f.jpg,0
img_7496386035.jpg,0
img_6f21d27bd9.jpg,0
img_9d7ec4621e.jpg,0
img_b6a331f9b4.jpg,0
img_1c7c63abe3.jpg,0
img_9afb41ca52.jpg,0
img_8dd7fb47f3.jpg,0
img_68c2606438.jpg,0
img_6768c838f2.jpg,0
img_7dff221e03.jpg,0
img_9615fe596d.jpg,0
img_8dab673ffc.jpg,0
img_225fdd4f9e.jpg,0
img_6aac61ea4a.jpg,0
img_bb8f0d333e.jpg,0
img_5f5b2144d4.jpg,0
img_11b6f1a6fc.jpg,0
img_1214e96980.jpg,0
img_8e276e534d.jpg,0
img_a4db93cdcc.jpg,0
img_b7fe19b1bc.jpg,0
img_1d321bef97.jpg,0
img_9f2ed7e974.jpg,0
img_544a65d613.jpg,0
img_29fea72297.jpg,0
img_c9d320cc3d.jpg,0
img_e8252312bb.jpg,0
img_eeb9f04518.jpg,0
img_c7c9d3cfec.jpg,0
img_621d6f94d2.jpg,0
img_9996c86637.jpg,0
img_f76e7c5f3e.jpg,0
img_98ecc36ef9.jpg,0
img_9dbcb57cb2.jpg,0
img_6ae25f0635.jpg,0
img_2af40dce75.jpg,0
img_e490abf3b6.jpg,0
img_d5feea3d32.jpg,0
img_5b1327d195.jpg,0
img_786986e44c.jpg,0
img_0ecf33b4f9.jpg,0
img_873f88d389.jpg,0
img_1c58e12671.jpg,0
img_c9fbab9001.jpg,0
img_aae7a99deb.jpg,0
img_e7c29458ff.jpg,0
img_e555ed3b51.jpg,0
img_1296376a29.jpg,0
img_3e0d434072.jpg,0
img_7c18bfc44a.jpg,0
img_c745c585ac.jpg,0
img_1d7d6d4ac0.jpg,0
img_7039f63563.jpg,0
img_bad5c7a10e.jpg,0
img_317d4dfbb8.jpg,0
img_e056ed5056.jpg,0
img_ad23d785c9.jpg,0
img_9a12e87b9c.jpg,0
img_558535f9c6.jpg,0
img_5889611b94.jpg,0
img_1e591b75fa.jpg,0
img_99ebecaf01.jpg,0
img_c741862b80.jpg,0
img_b8e02fc9a2.jpg,0
img_60d9fff072.jpg,0
img_be0a3d6748.jpg,0
img_e082b729bc.jpg,0
img_3b1e3b0f4f.jpg,0
img_d3ef696e93.jpg,0
img_7e96f60cb4.jpg,0
img_70646c8b51.jpg,0
img_f588a05c2f.jpg,0
img_b1512bf24c.jpg,0
img_229b529f3b.jpg,0
img_233d814c9e.jpg,0
img_4eb68e9017.jpg,0
img_60e4bf867c.jpg,0
img_14254fa1d8.jpg,0
img_c8ad6c4c21.jpg,0
img_04b4915e8a.jpg,0
img_1cb31c9e2c.jpg,0
img_60b9bd0576.jpg,0
img_e0ea0e1454.jpg,0
img_1d52d8dea2.jpg,0
img_278ba8e15d.jpg,0
img_0bbd0ae5e9.jpg,0
img_3185b942ed.jpg,0
img_b5cbe34440.jpg,0
img_6f87992f2d.jpg,0
img_cd5271ac38.jpg,0
img_b112d0c132.jpg,0
img_0e5838fd4f.jpg,0
img_606af65847.jpg,0
img_bc245d97b1.jpg,0
img_4f23fae71a.jpg,0
img_7f2f1e9c78.jpg,0
img_06be444c4a.jpg,0
img_45a161b5b5.jpg,0
img_2962cd0676.jpg,0
img_d87d482f8f.jpg,0
img_4eae2a9073.jpg,0
img_1909f53e79.jpg,0
img_efa713fa83.jpg,0
img_5aa512b482.jpg,0
img_92bd673fdc.jpg,0
img_de9c33e92b.jpg,0
img_3b4beba349.jpg,0
img_ddf107a7de.jpg,0
img_7ca5b6319b.jpg,0
img_546d25497b.jpg,0
img_73caa32b2f.jpg,0
img_ec65f96b45.jpg,0
img_aace1005c2.jpg,0
img_07461e0dda.jpg,0
img_48917781ea.jpg,0
img_f1284cb84c.jpg,0
img_1c27560b50.jpg,0
img_4fa71321c9.jpg,0
img_fb6ca22ee3.jpg,0
img_df3c685fb5.jpg,0
img_04c26ab445.jpg,0
img_e4f5de208d.jpg,0
img_effab5e600.jpg,0
img_cdec8f00b9.jpg,0
img_fc44748106.jpg,0
img_3c8fd8b908.jpg,0
img_9b022c3696.jpg,0
img_0bc7677bc3.jpg,0
img_5092ba3c6f.jpg,0
img_98b903d2d8.jpg,0
img_aa3b837fc3.jpg,0
img_2ba8406714.jpg,0
img_44b778b1c9.jpg,0
img_a500dcbb71.jpg,0
img_f08171b889.jpg,0
img_24d72a3ab1.jpg,0
img_ac78de8103.jpg,0
img_4e86688491.jpg,0
img_ee2091333c.jpg,0
img_5a9a58f1ab.jpg,0
img_8d4cd37729.jpg,0
img_5204570042.jpg,0
img_68e80e7f01.jpg,0
img_c41e2591b4.jpg,0
img_403e3346ce.jpg,0
img_5c3fccf730.jpg,0
img_c965930df0.jpg,0
img_c8ddfb7775.jpg,0
img_30e6639a66.jpg,0
img_203109d1e5.jpg,0
img_5a3761aa82.jpg,0
img_ea3abcad55.jpg,0
img_6b2a93b65c.jpg,0
img_2d54672354.jpg,0
img_38f40e5ab3.jpg,0
img_2c534953df.jpg,0
img_43edbf9262.jpg,0
img_b3cfd2234b.jpg,0
img_bebff47b90.jpg,0
img_16425f9c61.jpg,0
img_e0e0f8841d.jpg,0
img_7b87437ba2.jpg,0
img_12fbaa0f8e.jpg,0
img_f92f1d1b7f.jpg,0
img_0b4926bef2.jpg,0
img_992dc2e110.jpg,0
img_15709888f1.jpg,0
img_e50bc24356.jpg,0
img_a511876e0b.jpg,0
img_1d4f7c68d7.jpg,0
img_55a186d8bd.jpg,0
img_dbdbfbf7da.jpg,0
img_5ad2a7fddb.jpg,0
img_e0dc3fea8e.jpg,0
img_2f82611965.jpg,0
img_62acaae35d.jpg,0
img_2540fe84a6.jpg,0
img_263d670a40.jpg,0
img_11599c19f0.jpg,0
img_e6331687bc.jpg,0
img_235b855be3.jpg,0
img_8677a68bd5.jpg,0
img_1a8150051c.jpg,0
img_98716a5676.jpg,0
img_d57e2a6b34.jpg,0
img_970776941f.jpg,0
img_ce802a567a.jpg,0
img_fcc48ca47c.jpg,0
img_8fcf5b863c.jpg,0
img_b8a9a49cb8.jpg,0
img_0e8617d93d.jpg,0
img_552a3d8da1.jpg,0
img_591b1fa231.jpg,0
img_22b151bec2.jpg,0
img_5089105ecf.jpg,0
img_a6ede44d2b.jpg,0
img_a05b26af7c.jpg,0
img_42499a9ccb.jpg,0
img_7bac7162cf.jpg,0
img_abc78afd45.jpg,0
img_9601f7fbee.jpg,0
img_be4559d5b1.jpg,0
img_6c3129165b.jpg,0
img_a03eee821f.jpg,0
img_65df4f5188.jpg,0
img_2016b034b6.jpg,0
img_d37432bf38.jpg,0
img_109a625586.jpg,0
img_fd104967a3.jpg,0
img_3b9b5dcc64.jpg,0
img_b2011f618c.jpg,0
img_dc3c24db46.jpg,0
img_eaf079a023.jpg,0
img_a6a2c69902.jpg,0
img_2d48292e84.jpg,0
img_43f42e7ecf.jpg,0
img_425f3e8578.jpg,0
img_e3ee18f36e.jpg,0
img_cd3a1b029a.jpg,0
img_fe0c353d1a.jpg,0
img_56bdf27390.jpg,0
img_30d27c1a77.jpg,0
img_642fe8e51e.jpg,0
img_2b94127d0b.jpg,0
img_b16ad0fb27.jpg,0
img_8f451df781.jpg,0
img_1f52369394.jpg,0
img_ab116c8205.jpg,0
img_643c3ce9f3.jpg,0
img_feedc6b252.jpg,0
img_a898b0ac9f.jpg,0
img_71b826735a.jpg,0
img_2bc1ba0c7f.jpg,0
img_d1e7c42a6e.jpg,0
img_f01388d5d2.jpg,0
img_093584a5e0.jpg,0
img_2c61f91ee8.jpg,0
img_ac8b114fc4.jpg,0
img_95ec7c9ccd.jpg,0
img_9f41bb78f6.jpg,0
img_201cc6ea40.jpg,0
img_7bf8ff3c24.jpg,0
img_499fec0d9b.jpg,0
img_310d182fdb.jpg,0
img_bcbbadf6ca.jpg,0
img_bb04a84aeb.jpg,0
img_ca307e80f7.jpg,0
img_3c426b7b83.jpg,0
img_1df995448c.jpg,0
img_c8b4b4ded2.jpg,0
img_6b0be4269a.jpg,0
img_22e2ef3add.jpg,0
img_23c9a06967.jpg,0
img_820e4f7682.jpg,0
img_e0caab0b75.jpg,0
img_4057af839e.jpg,0
img_03b7e9e63c.jpg,0
img_bcefca3f8c.jpg,0
img_203097a3c7.jpg,0
img_706fb3a009.jpg,0
img_e6fe834443.jpg,0
img_1c5ffe934d.jpg,0
img_163ccc56fc.jpg,0
img_a04024b2a0.jpg,0
img_9b41f2a2bf.jpg,0
img_86a0b235dd.jpg,0
img_055c1eeb4b.jpg,0
img_a7921f03c8.jpg,0
img_f0733ed82c.jpg,0
img_f6a0659ba5.jpg,0
img_bb9954a09f.jpg,0
img_0e58702672.jpg,0
img_5ae3988dc5.jpg,0
img_ea3eff6209.jpg,0
img_9fafa1997d.jpg,0
img_617d5d9573.jpg,0
img_a995159259.jpg,0
img_d75c6f7581.jpg,0
img_01ab686a35.jpg,0
img_2f8692125c.jpg,0
img_3474582121.jpg,0
img_af510da280.jpg,0
img_788a4689d1.jpg,0
img_bd67cce5ba.jpg,0
img_b90b0ca390.jpg,0
img_353a0e719b.jpg,0
img_5d9485b2eb.jpg,0
img_96d1addf6f.jpg,0
img_4240fd2167.jpg,0
img_7be42f888d.jpg,0
img_be37a16b1c.jpg,0
img_ff3dfbc6a7.jpg,0
img_97dc05ff71.jpg,0
img_7043dbc065.jpg,0
img_2c086ac7ad.jpg,0
img_a32d7a126b.jpg,0
img_5b8d6e4866.jpg,0
img_a781cfda0b.jpg,0
img_9b2ab6a74c.jpg,0
img_b9e01d55b7.jpg,0
img_ccb6b942ce.jpg,0
img_02a0345eec.jpg,0
img_b523dd8068.jpg,0
img_0e77434497.jpg,0
img_34b4216b4d.jpg,0
img_df634f9604.jpg,0
img_2ea10d6e2f.jpg,0
img_a7de4d4c3a.jpg,0
img_a79d57f744.jpg,0
img_8aecd964f3.jpg,0
img_e197f81acc.jpg,0
img_3f6a5937b1.jpg,0
img_b2d1896754.jpg,0
img_ae0a48f76c.jpg,0
img_e1409ac2a7.jpg,0
img_cf901b4665.jpg,0
img_c70e30f9e3.jpg,0
img_c37cfbe5df.jpg,0
img_284149a5d8.jpg,0
img_2e0044130c.jpg,0
img_733ffda1d6.jpg,0
img_e1cea417d0.jpg,0
img_ddf720fa21.jpg,0
img_064946f282.jpg,0
img_b803373bb1.jpg,0
img_f277d88325.jpg,0
img_5e67ed9121.jpg,0
img_aec8991327.jpg,0
img_51cfb66fd0.jpg,0
img_95912951a3.jpg,0
img_f6d403e090.jpg,0
img_105b739734.jpg,0
img_42ec117b2a.jpg,0
img_98a5fb8869.jpg,0
img_9e6947d903.jpg,0
img_fa5141ed9b.jpg,0
img_146e80ffef.jpg,0
img_d47e3fc9a3.jpg,0
img_9138cd3ed2.jpg,0
img_04fc1164b9.jpg,0
img_a7cd423f9b.jpg,0
img_2cf4804f0e.jpg,0
img_410e14bd07.jpg,0
img_55d4d262b4.jpg,0
img_8b842e8994.jpg,0
img_020f5fb0a4.jpg,0
img_81ba7f596c.jpg,0
img_90cbbf2420.jpg,0
img_afca12579d.jpg,0
img_5cb92927cb.jpg,0
img_f5bec72c98.jpg,0
img_8cb7862ebd.jpg,0
img_6aa5407a98.jpg,0
img_f36dfdc561.jpg,0
img_aa0c0bcd1e.jpg,0
img_f57f670fa0.jpg,0
img_58614c4fb8.jpg,0
img_fa365c2612.jpg,0
img_6bc0e33d3a.jpg,0
img_5d66cab64e.jpg,0
img_a9c066d10b.jpg,0
img_0574a0afc4.jpg,0
img_e069d370ec.jpg,0
img_c90f72a4b5.jpg,0
img_248f6e9a5e.jpg,0
img_24a860307c.jpg,0
img_3c9d2025ef.jpg,0
img_696e305874.jpg,0
img_b59681f434.jpg,0
img_9353149488.jpg,0
img_4b49d2ff32.jpg,0
img_c27d4cb148.jpg,0
img_c3bf8643a1.jpg,0
img_9e9ad40e6a.jpg,0
img_98fa7c5f71.jpg,0
img_794d1a5c91.jpg,0
img_ebfb3861e2.jpg,0
img_7d59212b46.jpg,0
img_21b4b5d292.jpg,0
img_e16aa1fbae.jpg,0
img_11de9cb12d.jpg,0
img_5051400c13.jpg,0
img_74a040155a.jpg,0
img_3f42434665.jpg,0
img_f92d9e2109.jpg,0
img_5ab756fff5.jpg,0
img_2bd2185f8d.jpg,0
img_8d3195c913.jpg,0
img_91a4fbd18f.jpg,0
img_95628e4c4d.jpg,0
img_f7ed3936a8.jpg,0
img_9dc4559c2b.jpg,0
img_65d046d139.jpg,0
img_b624986fd4.jpg,0
img_07edd9e20d.jpg,0
img_40f600d9e5.jpg,0
img_5ed21248bd.jpg,0
img_0d00886a1a.jpg,0
img_3037ca077f.jpg,0
img_011b3664a2.jpg,0
img_6fd721019b.jpg,0
img_7a9600ea99.jpg,0
img_e29971aee0.jpg,0
img_93121a32a8.jpg,0
img_03e6d33ff5.jpg,0
img_0945766f69.jpg,0
img_e3303ad455.jpg,0
img_2344ff17dd.jpg,0
img_4bf4ab7d2c.jpg,0
img_73b51e304f.jpg,0
img_5df3c1ff3a.jpg,0
img_ebb1f03d0b.jpg,0
img_f25ff96371.jpg,0
img_556c7abe98.jpg,0
img_d085eedbd3.jpg,0
img_4df02283a6.jpg,0
img_32191c4233.jpg,0
img_37167eb906.jpg,0
img_dd9486e86b.jpg,0
img_2c6c603b51.jpg,0
img_d746ec3e96.jpg,0
img_35b6a941f3.jpg,0
img_b8faa118e6.jpg,0
img_44ee646526.jpg,0
img_6a6b404f7e.jpg,0
img_99866c1a6b.jpg,0
img_a863b0e7c1.jpg,0
img_e8b1e8eef2.jpg,0
img_796aa27e88.jpg,0
img_b65b434c88.jpg,0
img_04c51eaa64.jpg,0
img_0bee7eb205.jpg,0
img_1ca8dd746b.jpg,0
img_ef46061563.jpg,0
img_3e20b48a0e.jpg,0
img_8a3412c2bc.jpg,0
img_c9c69b4cc8.jpg,0
img_cff6730a27.jpg,0
img_13184a266e.jpg,0
img_3f3e175955.jpg,0
img_db36a3318c.jpg,0
img_7d569f3416.jpg,0
img_8113a4cc54.jpg,0
img_f2f4709555.jpg,0
img_07b0dd82e3.jpg,0
img_2ff61d4e1c.jpg,0
img_0247a7e3c4.jpg,0
img_0e279a4013.jpg,0
img_8dcb62585a.jpg,0
img_6d3a582b58.jpg,0
img_511ea68fb4.jpg,0
img_a8d5324ea6.jpg,0
img_0d84bd0a13.jpg,0
img_ef3696852d.jpg,0
img_ea4f055994.jpg,0
img_5fe42f5af1.jpg,0
img_7ce5bed28f.jpg,0
img_820e7fefe5.jpg,0
img_8cd874631d.jpg,0
img_f98f37b5f4.jpg,0
img_84548463f8.jpg,0
img_5ae5440bef.jpg,0
img_72d4ca585f.jpg,0
img_0c905cacf2.jpg,0
img_da0a8345f8.jpg,0
img_5993cd95aa.jpg,0
img_85b804f0de.jpg,0
img_9f5112b1b0.jpg,0
img_20b025ee61.jpg,0
img_008f314960.jpg,0
img_3fff6fcf85.jpg,0
img_a5272ffcff.jpg,0
img_704d941bb2.jpg,0
img_8bcdc4be7a.jpg,0
img_4cad5e98a8.jpg,0
img_68b06bd0b3.jpg,0
img_b4fae5651d.jpg,0
img_e226ebd0c7.jpg,0
img_5c74ed57a3.jpg,0
img_97968753ea.jpg,0
img_a7646a1c75.jpg,0
img_4093006768.jpg,0
img_f86e2fa761.jpg,0
img_498c721904.jpg,0
img_91098281cc.jpg,0
img_aa36512179.jpg,0
img_2c5baf55b5.jpg,0
img_a595d91bcc.jpg,0
img_3abf18ce68.jpg,0
img_4350a38705.jpg,0
img_f83c4427ce.jpg,0
img_0eca043f9b.jpg,0
img_352c4ecc4f.jpg,0
img_d7b37abd55.jpg,0
img_ea02abe21f.jpg,0
img_74a27b171c.jpg,0
img_5c44c83993.jpg,0
img_c49afa6208.jpg,0
img_a244e0b9ca.jpg,0
img_8e47d0c514.jpg,0
img_7139180672.jpg,0
img_4710b8910e.jpg,0
img_91d323e2cb.jpg,0
img_7325515263.jpg,0
img_f574038bc0.jpg,0
img_a9943a097b.jpg,0
img_90fdb40b2c.jpg,0
img_225e5de782.jpg,0
img_6cd5e5a4c9.jpg,0
img_ae0008baf0.jpg,0
img_da70f13ea7.jpg,0
img_5533df3f2a.jpg,0
img_add99768dd.jpg,0
img_ad2535485c.jpg,0
img_95155165ce.jpg,0
img_c5a1fcb84b.jpg,0
img_467870ddf7.jpg,0
img_073e605630.jpg,0
img_30ef6f329a.jpg,0
img_c23e4afa36.jpg,0
img_02a821c155.jpg,0
img_79264438e2.jpg,0
img_3377764c5a.jpg,0
img_84a8e21741.jpg,0
img_438fe83004.jpg,0
img_5a8f159dbc.jpg,0
img_b1bcdf0da8.jpg,0
img_4743a26961.jpg,0
img_ac81cea987.jpg,0
img_5d138e1a84.jpg,0
img_16c51974fd.jpg,0
img_a61a8113cc.jpg,0
img_c652dce72a.jpg,0
img_71098df5f9.jpg,0
img_f13cf1042c.jpg,0
img_e7681874a5.jpg,0
img_124794914f.jpg,0
img_0feee809fd.jpg,0
img_61b6f6eb0e.jpg,0
img_3fce6543ce.jpg,0
img_10fd45d711.jpg,0
img_b2bef41ae4.jpg,0
img_ab852a67f9.jpg,0
img_7d06adfe10.jpg,0
img_cb5176a82e.jpg,0
img_6068f60ef4.jpg,0
img_f00565a7b0.jpg,0
img_51c904c712.jpg,0
img_063100237a.jpg,0
img_94978fe116.jpg,0
img_511cd145bf.jpg,0
img_beb4d0b73f.jpg,0
img_2bc2343949.jpg,0
img_85b45cbad3.jpg,0
img_fa6009d3e7.jpg,0
img_f575a3dfab.jpg,0
img_934e368e2e.jpg,0
img_c092aa4d50.jpg,0
img_9b7113ad15.jpg,0
img_959e3e4a0c.jpg,0
img_b076aa5bc0.jpg,0
img_f6d1f44c94.jpg,0
img_fcad2421be.jpg,0
img_2af5a417b6.jpg,0
img_f0e3c59ac2.jpg,0
img_f285ddf7d6.jpg,0
img_a8b645ffd6.jpg,0
img_f590e51ad3.jpg,0
img_8066d3c310.jpg,0
img_a7606cc848.jpg,0
img_bc66f2f9a4.jpg,0
img_106ae7218f.jpg,0
img_47664f5e39.jpg,0
img_9120af6eca.jpg,0
img_74c4ce2e6f.jpg,0
img_b237f729fe.jpg,0
img_a44e775384.jpg,0
img_6bdaa24236.jpg,0
img_2bd20e3e69.jpg,0
img_cf72faf97d.jpg,0
img_d6e5293096.jpg,0
img_cdbafff8f3.jpg,0
img_e3e95d2048.jpg,0
img_ebce18a546.jpg,0
img_0051dcbde2.jpg,0
img_be26b776a5.jpg,0
img_b77041d1f7.jpg,0
img_cffc14f11a.jpg,0
img_6d7483da03.jpg,0
img_366470d098.jpg,0
img_555cacd9af.jpg,0
img_40334e5fde.jpg,0
img_891150cfde.jpg,0
img_46d1336462.jpg,0
img_61c589ff26.jpg,0
img_29a35fb2de.jpg,0
img_6da6d1a5dc.jpg,0
img_84ee961a44.jpg,0
img_73e0723b07.jpg,0
img_3d26b9fea8.jpg,0
img_d4aff4f159.jpg,0
img_9339913f37.jpg,0
img_c91912505f.jpg,0
img_285c9adfa2.jpg,0
img_8dbf14e609.jpg,0
img_bdc1c23d85.jpg,0
img_a6921cd9b6.jpg,0
img_d55cdb64d8.jpg,0
img_d214eec196.jpg,0
img_77f68fb441.jpg,0
img_1079cfd7e5.jpg,0
img_f97f3160cd.jpg,0
img_eecd377331.jpg,0
img_5a76c16c5a.jpg,0
img_9e1bf74844.jpg,0
img_4ad6ea074d.jpg,0
img_98db9e608e.jpg,0
img_cfd4d7fe8e.jpg,0
img_da3bf163f1.jpg,0
img_3cb663e3d4.jpg,0
img_45e1ba5482.jpg,0
img_228aecfb14.jpg,0
img_7d67a05661.jpg,0
img_b6289acb6c.jpg,0
img_b4b3628040.jpg,0
img_025ac9a385.jpg,0
img_2d0b940fe4.jpg,0
img_75c0e368b9.jpg,0
img_4eaa628e60.jpg,0
img_c2db4c13fa.jpg,0
img_152f5f8923.jpg,0
img_fad63795bf.jpg,0
img_c5166bbdf1.jpg,0
img_da37e20be0.jpg,0
img_e87ff6fb8b.jpg,0
img_512fcbb4ee.jpg,0
img_ae817d6acc.jpg,0
img_5d526a80fb.jpg,0
img_198f61ffd0.jpg,0
img_53ed6fe1fa.jpg,0
img_705f43cc37.jpg,0
img_44f4b3e304.jpg,0
img_379c9ddf58.jpg,0
img_b4d51f719b.jpg,0
img_f1e8a64201.jpg,0
img_243a2a8d4a.jpg,0
img_8251de9366.jpg,0
img_f7e6688107.jpg,0
img_f65afbee5c.jpg,0
img_b8e9fddfcf.jpg,0
img_7046c77be5.jpg,0
img_cfb891808e.jpg,0
img_6b9ea78fbc.jpg,0
img_112ca7e3c5.jpg,0
img_4e6552ed20.jpg,0
img_25f852c964.jpg,0
img_1963233ef1.jpg,0
img_56f499ec3d.jpg,0
img_6623f4a9a1.jpg,0
img_79595f14b8.jpg,0
img_81ed42c414.jpg,0
img_7a47baf435.jpg,0
img_303a9b378c.jpg,0
img_e51a0fa45d.jpg,0
img_9c43f2352d.jpg,0
img_c066178b60.jpg,0
img_60e99e6db8.jpg,0
img_74964a73bd.jpg,0
img_7ef42559d2.jpg,0
img_bfefc2e621.jpg,0
img_e62ad447a3.jpg,0
img_4ea2ecfa46.jpg,0
img_ded81f3601.jpg,0
img_5773ee6e56.jpg,0
img_240dd4826e.jpg,0
img_94b0274671.jpg,0
img_7853eededa.jpg,0
img_90da8cbdbe.jpg,0
img_0a86128346.jpg,0
img_a5a638949a.jpg,0
img_db6e2da756.jpg,0
img_ffe21d6f02.jpg,0
img_bc0578d4f0.jpg,0
img_9acf3bae31.jpg,0
img_45438b3902.jpg,0
img_1cdef68e67.jpg,0
img_e76ba4b8f2.jpg,0
img_a54534b32b.jpg,0
img_0944756dba.jpg,0
img_3d5953dfc2.jpg,0
img_3d69149440.jpg,0
img_c7ac6aa81f.jpg,0
img_2139ced292.jpg,0
img_ca809660c6.jpg,0
img_6fdce855c6.jpg,0
img_1b1d54a567.jpg,0
img_4ca1c91ab7.jpg,0
img_596f92fc6a.jpg,0
img_b13dfed6b0.jpg,0
img_7d60b94b94.jpg,0
img_381afba10b.jpg,0
img_c984472846.jpg,0
img_a118ccfef9.jpg,0
img_11739eac2a.jpg,0
img_f8dbe9cf93.jpg,0
img_56480a7bb9.jpg,0
img_928e83494e.jpg,0
img_83c4169a1e.jpg,0
img_1238a301e2.jpg,0
img_c187b9972f.jpg,0
img_23995d443c.jpg,0
img_92dad530cc.jpg,0
img_811c9ea953.jpg,0
img_52cc123d8b.jpg,0
img_abf217f3e5.jpg,0
img_62eff01976.jpg,0
img_a0c3b913f0.jpg,0
img_d4ca9f1c2a.jpg,0
img_65f3dbf201.jpg,0
img_326fc006cb.jpg,0
img_cbf87f526a.jpg,0
img_3bbc662872.jpg,0
img_04aac35652.jpg,0
img_40475bbb36.jpg,0
img_0c32fd6d81.jpg,0
img_e02ff3da71.jpg,0
img_cb2d238fb9.jpg,0
img_cdf3ccbd56.jpg,0
img_fac6098989.jpg,0
img_18258ee1f8.jpg,0
img_35908b7c1b.jpg,0
img_2ffb4f689a.jpg,0
img_3c1fe276bf.jpg,0
img_c0b923a734.jpg,0
img_0b9a54949c.jpg,0
img_cd88a66261.jpg,0
img_5d8d24a827.jpg,0
img_b1097ef319.jpg,0
img_cc063584b7.jpg,0
img_9f4b6537e7.jpg,0
img_3737c65a85.jpg,0
img_0804645cda.jpg,0
img_4f6d3a639d.jpg,0
img_a853aed8dc.jpg,0
img_831016f85a.jpg,0
img_52f26b6525.jpg,0
img_e71f09813c.jpg,0
img_4f7fb0d035.jpg,0
img_fdf0dded60.jpg,0
img_920be85825.jpg,0
img_8be4af1df9.jpg,0
img_ad64202c99.jpg,0
img_42bdba9b01.jpg,0
img_f0ee3d1b86.jpg,0
img_92f80c567f.jpg,0
img_13cf5b8fb9.jpg,0
img_e0924345f9.jpg,0
img_e9cddcc086.jpg,0
img_1053230ed4.jpg,0
img_b0a5ecdfd5.jpg,0
img_d78a8a8e91.jpg,0
img_7e67f4b1f0.jpg,0
img_167cf90eab.jpg,0
img_88b926c3ec.jpg,0
img_ddaf8704bb.jpg,0
img_8932a4ffe9.jpg,0
img_b7f78027cd.jpg,0
img_19185da16a.jpg,0
img_9f96fe096b.jpg,0
img_f47687b6f9.jpg,0
img_36462fc0ce.jpg,0
img_6cc01776f7.jpg,0
img_744a376955.jpg,0
img_a7dc6129e3.jpg,0
img_6b97bb809a.jpg,0
img_7068835c0a.jpg,0
img_26dfc5b7d5.jpg,0
img_e0afa6e73b.jpg,0
img_979d281648.jpg,0
img_a9e4cc2238.jpg,0
img_e149f8434f.jpg,0
img_a236bd42cd.jpg,0
img_7b1e4fc414.jpg,0
img_983b0ed724.jpg,0
img_41985aef9e.jpg,0
img_195f1ed0b5.jpg,0
img_82ea1754b9.jpg,0
img_676ddce823.jpg,0
img_11144cc8bb.jpg,0
img_5448966382.jpg,0
img_213aa5b682.jpg,0
img_77f9909c7e.jpg,0
img_9972178295.jpg,0
img_8704d131c9.jpg,0
img_66fb0e5170.jpg,0
img_406e6a0888.jpg,0
img_76d6ce3e80.jpg,0
img_f9322fe149.jpg,0
img_c7bd574227.jpg,0
img_09cde7e1c1.jpg,0
img_6f8115bace.jpg,0
img_056a325540.jpg,0
img_0f657147fa.jpg,0
img_4cc8b8ef2a.jpg,0
img_1e919666e4.jpg,0
img_4aa6679946.jpg,0
img_eb1c40a6d8.jpg,0
img_c8be9d564f.jpg,0
img_2c5b6ca4c7.jpg,0
img_f5c3a35628.jpg,0
img_502fc70fa4.jpg,0
img_a5fb6a0a15.jpg,0
img_62162abebf.jpg,0
img_fdc703af19.jpg,0
img_7c66915425.jpg,0
img_d31d95214b.jpg,0
img_51c8bd6ff9.jpg,0
img_0aaeaa4429.jpg,0
img_1ac7da6d3d.jpg,0
img_b8e1329d06.jpg,0
img_5d08a9e958.jpg,0
img_14b40e659d.jpg,0
img_37f785c94e.jpg,0
img_fc22a63c74.jpg,0
img_cc0fe2cf13.jpg,0
img_ba239ce961.jpg,0
img_fad5dfc6d3.jpg,0
img_e3f01e89ca.jpg,0
img_45abff1228.jpg,0
img_913d70379f.jpg,0
img_57d53350f0.jpg,0
img_0bdfbbcf78.jpg,0
img_2c0c143ace.jpg,0
img_fabbb13678.jpg,0
img_e939db7874.jpg,0
img_de1c0662b3.jpg,0
img_19901c80dc.jpg,0
img_240589cf40.jpg,0
img_5fb01a68c1.jpg,0
img_4fc68dcc03.jpg,0
img_90e3a36838.jpg,0
img_daa0022703.jpg,0
img_4933898e74.jpg,0
img_4bedf84ff3.jpg,0
img_8338b8ff4f.jpg,0
img_550267a331.jpg,0
img_960e4966e3.jpg,0
img_88ecdac65c.jpg,0
img_6b96c89b51.jpg,0
img_c7079fcf60.jpg,0
img_c584c0f87a.jpg,0
img_63284473ba.jpg,0
img_4da84d0207.jpg,0
img_411cd78993.jpg,0
img_aea344e11e.jpg,0
img_ae25419792.jpg,0
img_1f9254bf9a.jpg,0
img_7beab379a4.jpg,0
img_c413bcbac8.jpg,0
img_9bb322d281.jpg,0
img_e03deea1e9.jpg,0
img_004ec2f7fb.jpg,0
img_dcf0b67752.jpg,0
img_b8ae05b8fd.jpg,0
img_7631d828b8.jpg,0
img_917dbdc3e2.jpg,0
img_64861eabe5.jpg,0
img_2eaba7f32e.jpg,0
img_45252bf5b7.jpg,0
img_61d07396ee.jpg,0
img_8428bf4833.jpg,0
img_f9337e3cd8.jpg,0
img_278cd628a4.jpg,0
img_c48a4e2a77.jpg,0
img_f237b5de9d.jpg,0
img_2bfc007209.jpg,0
img_373ba2c797.jpg,0
img_373e8f0ecb.jpg,0
img_5c6e920b1f.jpg,0
img_30b0d7ec21.jpg,0
img_a587f480f4.jpg,0
img_fe7639ce9f.jpg,0
img_765ce25c74.jpg,0
img_44074ec3c9.jpg,0
img_59a723f02f.jpg,0
img_d8913d78af.jpg,0
img_1cc12f84e5.jpg,0
img_749dc5e57f.jpg,0
img_f724c76f26.jpg,0
img_a7c59e38f1.jpg,0
img_53abdecc19.jpg,0
img_0b32932acc.jpg,0
img_c3874d9b49.jpg,0
img_a1104bd77d.jpg,0
img_f2fdaa0eb8.jpg,0
img_ddb13587ec.jpg,0
img_cf8d4b0311.jpg,0
img_c72bebd4c9.jpg,0
img_332c5b119f.jpg,0
img_b1e22e600f.jpg,0
img_cec97dc411.jpg,0
img_4902f4464c.jpg,0
img_5e61c2f440.jpg,0
img_e03d221a37.jpg,0
img_407922c083.jpg,0
img_9fdf8f60bd.jpg,0
img_5788ec5237.jpg,0
img_5b4d92fe75.jpg,0
img_1ff9d88ac3.jpg,0
img_dda43ee370.jpg,0
img_a282ff1a50.jpg,0
img_cf1eb7a216.jpg,0
img_5e6b3b1581.jpg,0
img_2bb9f4cf55.jpg,0
img_15f30a2760.jpg,0
img_8d42508604.jpg,0
img_2970e46570.jpg,0
img_8d871a295f.jpg,0
img_adfe60badf.jpg,0
img_4975241d7c.jpg,0
img_afe2d5497b.jpg,0
img_f7cd2ec9b2.jpg,0
img_8cdc374659.jpg,0
img_27cff03ee7.jpg,0
img_dce74fb692.jpg,0
img_c51f95ac6d.jpg,0
img_00322252de.jpg,0
img_3a625aff33.jpg,0
img_1f781ba29a.jpg,0
img_50ffef91b4.jpg,0
img_e9cb454ff4.jpg,0
img_6933b16ab8.jpg,0
img_ea933ee2e5.jpg,0
img_8eefa287bf.jpg,0
img_6825feb210.jpg,0
img_ebdbbdc211.jpg,0
img_dd0a6982b6.jpg,0
img_fc5831b7d3.jpg,0
img_fa84edab91.jpg,0
img_b2f5356dfe.jpg,0
img_5a4b15f599.jpg,0
img_261d30b3f3.jpg,0
img_3b22231c73.jpg,0
img_56129ceab4.jpg,0
img_af75fd3e04.jpg,0
img_5dd70bd127.jpg,0
img_98bcabf1f1.jpg,0
img_a39a594cc4.jpg,0
img_f1c13f337e.jpg,0
img_4e0f2efb8f.jpg,0
img_d6f7080878.jpg,0
img_6555acc98e.jpg,0
img_fa2e979c52.jpg,0
img_603c7a134b.jpg,0
img_5d77ad624e.jpg,0
img_1eb18768cc.jpg,0
img_6ef7ce921d.jpg,0
img_6c8d7890da.jpg,0
img_a3806a1070.jpg,0
img_66d19866cb.jpg,0
img_66aeb66f28.jpg,0
img_c9681e668e.jpg,0
img_ed466bbeb5.jpg,0
img_55cc6906d6.jpg,0
img_8a32287401.jpg,0
img_1415429425.jpg,0
img_029354abbe.jpg,0
img_c4c4d26ccd.jpg,0
img_938526034c.jpg,0
img_1e5c5d7ed5.jpg,0
img_a2527aed98.jpg,0
img_3fb97e930a.jpg,0
img_1f30e55f65.jpg,0
img_34ff4d888c.jpg,0
img_0e8e00ea25.jpg,0
img_3ad12209d9.jpg,0
img_f94aeaaeda.jpg,0
img_1b41a1ffda.jpg,0
img_3565b3e9e1.jpg,0
img_ba0df28905.jpg,0
img_15c9083968.jpg,0
img_65c6665411.jpg,0
img_1a01c1590a.jpg,0
img_7627d15cc9.jpg,0
img_d7ef7ece7f.jpg,0
img_f8a10bb110.jpg,0
img_dd2dbd5295.jpg,0
img_d882d5044f.jpg,0
img_edc2e572b8.jpg,0
img_7fe862a574.jpg,0
img_40de9c52a4.jpg,0
img_8fe6c50c75.jpg,0
img_072adb152d.jpg,0
img_c4229dab25.jpg,0
img_7f018f3f0f.jpg,0
img_3923c26e0b.jpg,0
img_e6cb64fb03.jpg,0
img_142581a19f.jpg,0
img_f6df861d02.jpg,0
img_cc3ff087ea.jpg,0
img_5f0165a53c.jpg,0
img_fa078d8352.jpg,0
img_a48b4c0dcb.jpg,0
img_0f3e2fb0df.jpg,0
img_9deb1e5edc.jpg,0
img_ab07af3fd7.jpg,0
img_c3051d9cfc.jpg,0
img_94d5662474.jpg,0
img_f38e22217b.jpg,0
img_834a47594f.jpg,0
img_0e65bed853.jpg,0
img_63ed2145df.jpg,0
img_92bb35f9c7.jpg,0
img_1db0c92bd2.jpg,0
img_259519bc2b.jpg,0
img_62271ffecb.jpg,0
img_9c301bd79e.jpg,0
img_1646549def.jpg,0
img_f65668bc39.jpg,0
img_0442cf5485.jpg,0
img_d19709214c.jpg,0
img_0798ec63fb.jpg,0
img_4500ce67f5.jpg,0
img_8813d25774.jpg,0
img_205e7b9f36.jpg,0
img_e7e64a69b9.jpg,0
img_a874388f9b.jpg,0
img_da9a84fbea.jpg,0
img_25f39bf777.jpg,0
img_ee714887cb.jpg,0
img_2e1fd48e6d.jpg,0
img_2c0e9d24f6.jpg,0
img_5ac1bf61ed.jpg,0
img_eb07d6a8d9.jpg,0
img_68a1700ccc.jpg,0
img_b7decde17b.jpg,0
img_6c286f2345.jpg,0
img_a1a3046a75.jpg,0
img_061f59975d.jpg,0
img_3635e3e61a.jpg,0
img_c5d22a6de5.jpg,0
img_e8ac74bace.jpg,0
img_fb8833895d.jpg,0
img_c68fe331e1.jpg,0
img_336cd6b35e.jpg,0
img_d852c4ef38.jpg,0
img_ad44433bf3.jpg,0
img_b946cdc05a.jpg,0
img_633173aa94.jpg,0
img_e6edb4be35.jpg,0
img_14809da2ff.jpg,0
img_2ac6e6625d.jpg,0
img_6d2e7aef0c.jpg,0
img_77ed4943bb.jpg,0
img_b457b03a88.jpg,0
img_c61c7739bd.jpg,0
img_cd0f694015.jpg,0
img_53b06979c3.jpg,0
img_29d783d73c.jpg,0
img_e68c2ff25c.jpg,0
img_b12f223739.jpg,0
img_6e22d3603b.jpg,0
img_70addf7bcc.jpg,0
img_24abce6078.jpg,0
img_70bfcd6246.jpg,0
img_9789ac692f.jpg,0
img_e177e9c132.jpg,0
img_a270f23c28.jpg,0
img_9d7e441589.jpg,0
img_3ed42f8408.jpg,0
img_4c38dbd186.jpg,0
img_2f1e2d4f4d.jpg,0
img_9f0f3c7f2f.jpg,0
img_1e0f1b0501.jpg,0
img_96feafd49f.jpg,0
img_175ae83ca8.jpg,0
img_f730b0fa84.jpg,0
img_20a2469e8d.jpg,0
img_8b14bf7bd8.jpg,0
img_bda98a05d9.jpg,0
img_fc1bbfcaec.jpg,0
img_2f9f1fdc2a.jpg,0
img_45aaee17a7.jpg,0
img_df6db47a1a.jpg,0
img_f9f38e9175.jpg,0
img_45efe3b0e3.jpg,0
img_436c9d1e49.jpg,0
img_6e4a9b8e98.jpg,0
img_365a3cc6ab.jpg,0
img_2681b32300.jpg,0
img_060bba2f04.jpg,0
img_fe25bfc0f8.jpg,0
img_75ef8f1711.jpg,0
img_20a5340222.jpg,0
img_c89ff0a6b7.jpg,0
img_1eabdf6c69.jpg,0
img_c4c6338a3f.jpg,0
img_daf447dc8c.jpg,0
img_7b8db3e2df.jpg,0
img_67ac1239a6.jpg,0
img_9788628e21.jpg,0
img_c9423eedf4.jpg,0
img_d1a6354dd4.jpg,0
img_006bec4fed.jpg,0
img_ff3e44e99f.jpg,0
img_716f61938c.jpg,0
img_12cde9e131.jpg,0
img_88953e50e5.jpg,0
img_0bf4f89e03.jpg,0
img_2fa1f61511.jpg,0
img_f22390f8f5.jpg,0
img_dd4dc0afa6.jpg,0
img_665ca963c0.jpg,0
img_1a3f174e0c.jpg,0
img_d66258fad0.jpg,0
img_cc48c89236.jpg,0
img_d5cdffa341.jpg,0
img_540c8b0600.jpg,0
img_b6bc059292.jpg,0
img_0b8a0ef4da.jpg,0
img_dcb222d8e0.jpg,0
img_191016880d.jpg,0
img_92f6ba5a62.jpg,0
img_de7f698bfe.jpg,0
img_3031f78d98.jpg,0
img_b9b360077b.jpg,0
img_82d76602b9.jpg,0
img_8801b528d9.jpg,0
img_22c7435e55.jpg,0
img_d97120ae0f.jpg,0
img_e42d7cdb8d.jpg,0
img_b820d0c868.jpg,0
img_8212e566ce.jpg,0
img_44345e44c2.jpg,0
img_659cd31a13.jpg,0
img_3044a195c6.jpg,0
img_e0657a9905.jpg,0
img_806f1b4f49.jpg,0
img_013a499aea.jpg,0
img_062442a8ce.jpg,0
img_f654f55d4d.jpg,0
img_c677092c1b.jpg,0
img_0e1b2a412f.jpg,0
img_facdd2ff8e.jpg,0
img_c4653696fb.jpg,0
img_876418a64b.jpg,0
img_635bd156ce.jpg,0
img_32b29101f6.jpg,0
img_dca5343ceb.jpg,0
img_95a08b51f3.jpg,0
img_5056de7d35.jpg,0
img_17554167bc.jpg,0
img_1c117fbe26.jpg,0
img_786bb2cfe7.jpg,0
img_60ee8ccb18.jpg,0
img_a7fbee643b.jpg,0
img_27dd36fd9e.jpg,0
img_ff17b59334.jpg,0
img_58ef0b3081.jpg,0
img_a851199ac2.jpg,0
img_7b2a07ebf1.jpg,0
img_60f168dc03.jpg,0
img_17ca11da89.jpg,0
img_0118af014b.jpg,0
img_468a227d23.jpg,0
img_ab4c119e8b.jpg,0
img_c128f2a5a3.jpg,0
img_f22c8f30e8.jpg,0
img_3242219702.jpg,0
img_74f89dfa12.jpg,0
img_e2c6b43165.jpg,0
img_06fe2870c0.jpg,0
img_3beb3fdd2f.jpg,0
img_e2a6490e69.jpg,0
img_86637128bd.jpg,0
img_e11ca4441b.jpg,0
img_6a00a831a8.jpg,0
img_38f703f08a.jpg,0
img_3d2569c4a8.jpg,0
img_a93bf62039.jpg,0
img_b622329491.jpg,0
img_079fcbecb3.jpg,0
img_80b9e7efdb.jpg,0
img_d22b136123.jpg,0
img_99d08fd98c.jpg,0
img_8ec5c643b0.jpg,0
img_372804a791.jpg,0
img_28b2a9db69.jpg,0
img_98778808e3.jpg,0
img_255b04aa02.jpg,0
img_3744b8148f.jpg,0
img_4c67a37117.jpg,0
img_6a9b1ffb06.jpg,0
img_45b067a209.jpg,0
img_44ad61cb03.jpg,0
img_0addc58b84.jpg,0
img_b65a47d14b.jpg,0
img_49eaf3e4ed.jpg,0
img_040b083826.jpg,0
img_8c7a5ce7e3.jpg,0
img_d10a751646.jpg,0
img_e20bffd414.jpg,0
img_a4b49e79d8.jpg,0
img_9554184efe.jpg,0
img_edccfc5717.jpg,0
img_8d4851fe7c.jpg,0
img_611d4e6d7b.jpg,0
img_7e976eea1c.jpg,0
img_683d6ceab5.jpg,0
img_8315304457.jpg,0
img_aae312acf1.jpg,0
img_bd2686445f.jpg,0
img_e3e0d58fee.jpg,0
img_3014363865.jpg,0
img_6a8f446fd2.jpg,0
img_5e36b68c2d.jpg,0
img_50562c144e.jpg,0
img_9a18e41823.jpg,0
img_c7d5c0bc4d.jpg,0
img_eb6d1589a5.jpg,0
img_d16bd52b98.jpg,0
img_98a05aa470.jpg,0
img_5e8d32064c.jpg,0
img_6fdd5abc7c.jpg,0
img_bdfc9ad868.jpg,0
img_157e11c46e.jpg,0
img_de47d8c912.jpg,0
img_20154d99d1.jpg,0
img_930fa18848.jpg,0
img_7678ec4d0c.jpg,0
img_958236773e.jpg,0
img_64e238de42.jpg,0
img_deb35ccc45.jpg,0
img_6cdcf91715.jpg,0
img_67ffffdf3d.jpg,0
img_5a4584f9f4.jpg,0
img_592788ffab.jpg,0
img_cc15958f01.jpg,0
img_05dfbdf979.jpg,0
img_94c57cf07e.jpg,0
img_7286b11db4.jpg,0
img_0bc130064b.jpg,0
img_4ee3f7d2e4.jpg,0
img_26e2709439.jpg,0
img_fade231469.jpg,0
img_9295e23212.jpg,0
img_2b99a4ae46.jpg,0
img_99d3a14b7f.jpg,0
img_1606663e00.jpg,0
img_56edc9bf56.jpg,0
img_527f22ca8a.jpg,0
img_82290f949a.jpg,0
img_2d9a6c2d2b.jpg,0
img_f4971e46c6.jpg,0
img_0d2937d8e6.jpg,0
img_585c8097a3.jpg,0
img_d243db9b21.jpg,0
img_2d906c1171.jpg,0
img_710171e72e.jpg,0
img_4c41736be4.jpg,0
img_b2fbe2b10b.jpg,0
img_6bf1230000.jpg,0
img_2964759708.jpg,0
img_bc644739bb.jpg,0
img_b2c6dbffa3.jpg,0
img_acef8e2595.jpg,0
img_c920571250.jpg,0
img_ad83fcd409.jpg,0
img_efbe978423.jpg,0
img_5c3c7d25c2.jpg,0
img_a94cfbee4f.jpg,0
img_f1d15490b3.jpg,0
img_fb424176ae.jpg,0
img_f73aafb5f6.jpg,0
img_2ed0b06dec.jpg,0
img_ea700076ca.jpg,0
img_1510eec8d4.jpg,0
img_90380b9a1c.jpg,0
img_e75a4ce19f.jpg,0
img_035dca2c4c.jpg,0
img_479b82895b.jpg,0
img_e44b9bf983.jpg,0
img_9af91553ab.jpg,0
img_6f0cd70f62.jpg,0
img_997869a224.jpg,0
img_ff41a543fc.jpg,0
img_5da3b5a959.jpg,0
img_221d1c90eb.jpg,0
img_6b65349016.jpg,0
img_0da9959d2d.jpg,0
img_cef2a389c7.jpg,0
img_18b79ddb94.jpg,0
img_44ec29d603.jpg,0
img_d2995e7836.jpg,0
img_c73ee4327b.jpg,0
img_754b6f7853.jpg,0
img_2d41ff983b.jpg,0
img_b2a24c69ce.jpg,0
img_40f698679b.jpg,0
img_4287512d8c.jpg,0
img_3b8a7af4cd.jpg,0
img_1937cdc8c0.jpg,0
img_ec8ecae8a4.jpg,0
img_0b484cb7af.jpg,0
img_19f545b3b8.jpg,0
img_92695e0c5e.jpg,0
img_7e984f5808.jpg,0
img_e94a2a7c96.jpg,0
img_5e2ee68246.jpg,0
img_ef07a8815b.jpg,0
img_9f7a048e34.jpg,0
img_43ee860506.jpg,0
img_6d7de82c47.jpg,0
img_579a722390.jpg,0
img_b3d51c38df.jpg,0
img_81df6c426d.jpg,0
img_127d444745.jpg,0
img_72d86533c7.jpg,0
img_71e3948493.jpg,0
img_0b2874efb2.jpg,0
img_8a6e5e3923.jpg,0
img_3a30c143b0.jpg,0
img_1758be95c9.jpg,0
img_5948e630c0.jpg,0
img_b419cb7016.jpg,0
img_9c1edf1e70.jpg,0
img_1e5fb990b1.jpg,0
img_8e4f726dda.jpg,0
img_9900dd5c66.jpg,0
img_a283d5687c.jpg,0
img_595dbe5b21.jpg,0
img_95589585bc.jpg,0
img_1255386431.jpg,0
img_f6f65ba668.jpg,0
img_4f8ae21921.jpg,0
img_7f51262db8.jpg,0
img_55bfa16bee.jpg,0
img_569db1f9ec.jpg,0
img_498ad5e915.jpg,0
img_56e44d4785.jpg,0
img_94a11f1a8e.jpg,0
img_7a12c34586.jpg,0
img_182db8b1b5.jpg,0
img_61b9df64ec.jpg,0
img_9bc4bc0d22.jpg,0
img_aefe77c15c.jpg,0
img_6724072443.jpg,0
img_941ee75913.jpg,0
img_c6992caaf1.jpg,0
img_09145076b8.jpg,0
img_e01d9d1003.jpg,0
img_faae038efd.jpg,0
img_c993fa1033.jpg,0
img_ed33df8bdb.jpg,0
img_80758d0e6a.jpg,0
img_7659c9b2db.jpg,0
img_b5eaa8a2bf.jpg,0
img_35c1d0865b.jpg,0
img_423b648992.jpg,0
img_20142c4227.jpg,0
img_d751fccd5b.jpg,0
img_70a95a68af.jpg,0
img_c349e2e8a9.jpg,0
img_5e0347b40c.jpg,0
img_46faaced43.jpg,0
img_ff59c67ba3.jpg,0
img_7208c54a1e.jpg,0
img_e0def805a1.jpg,0
img_909a3eab32.jpg,0
img_c2228ff54e.jpg,0
img_124601fddc.jpg,0
img_b62dde38b4.jpg,0
img_d30a5f1d07.jpg,0
img_ddfc14f478.jpg,0
img_23dcf6a1e3.jpg,0
img_24d9f574e0.jpg,0
img_095dfe4bfc.jpg,0
img_e26a5f9a6a.jpg,0
img_43277d5ba0.jpg,0
img_7e3ddb0a35.jpg,0
img_b62dc3b4cb.jpg,0
img_c8ef8e9c41.jpg,0
img_15aae52a7f.jpg,0
img_203f96c76a.jpg,0
img_5d5b8a4e81.jpg,0
img_9d595225c6.jpg,0
img_6cc4739314.jpg,0
img_09079343b6.jpg,0
img_497384291c.jpg,0
img_47ffd0d68c.jpg,0
img_62a75197f7.jpg,0
img_984342e252.jpg,0
img_dfef3a9550.jpg,0
img_0493971b81.jpg,0
img_c0be0ee295.jpg,0
img_d8c4a753be.jpg,0
img_8e6e223dc4.jpg,0
img_1deb172885.jpg,0
img_e624d63c51.jpg,0
img_a6f1b5b9f1.jpg,0
img_5072d6a015.jpg,0
img_df8422f2df.jpg,0
img_d03a0ebb94.jpg,0
img_c412cc9aca.jpg,0
img_79fef1be0b.jpg,0
img_a449c0e114.jpg,0
img_6803f7ac47.jpg,0
img_11ad056940.jpg,0
img_947c238191.jpg,0
img_48924aa295.jpg,0
img_93a4c8ff8f.jpg,0
img_1f695c5e32.jpg,0
img_1da652593d.jpg,0
img_985f9c3889.jpg,0
img_d4577a61d8.jpg,0
img_9514d11f15.jpg,0
img_9d8023b9e8.jpg,0
img_6bca9fe567.jpg,0
img_52a04989cd.jpg,0
img_2b40c84187.jpg,0
img_2edd02fa57.jpg,0
img_57a17c2e13.jpg,0
img_03b9e5f1a3.jpg,0
img_4e8cbea554.jpg,0
img_18a65edd45.jpg,0
img_c01c818d85.jpg,0
img_14ba81813d.jpg,0
img_18a6ea408a.jpg,0
img_9c307a0976.jpg,0
img_2147f9139b.jpg,0
img_22dc66d9f0.jpg,0
img_af6bb49882.jpg,0
img_79145877a7.jpg,0
img_e0664e5e80.jpg,0
img_924a5d234b.jpg,0
img_da92e52198.jpg,0
img_bf92cc4dea.jpg,0
img_930a0f42cc.jpg,0
img_f7914138ef.jpg,0
img_b905e5f88d.jpg,0
img_6221eefede.jpg,0
img_89d2294ea1.jpg,0
img_542c24e83b.jpg,0
img_a5a37e78b1.jpg,0
img_79ae8c269d.jpg,0
img_b72ef8cd05.jpg,0
img_af46157957.jpg,0
img_97148e6fa0.jpg,0
img_c6fa30eda6.jpg,0
img_97d5c02ee6.jpg,0
img_2cad2a21d5.jpg,0
img_020db350fd.jpg,0
img_8a13fcbdc9.jpg,0
img_14db207a01.jpg,0
img_0cfbfd3c71.jpg,0
img_dcf940830f.jpg,0
img_08c119bbc2.jpg,0
img_a18ad0db0a.jpg,0
img_ba19fee7ee.jpg,0
img_f9192fb6fd.jpg,0
img_d7fd183c2f.jpg,0
img_924a69f3f5.jpg,0
img_3eef5becba.jpg,0
img_69add90a91.jpg,0
img_ba2e3ceb30.jpg,0
img_b79caa2f69.jpg,0
img_92df49fc2a.jpg,0
img_f265c28b86.jpg,0
img_1e151e1209.jpg,0
img_0879cee528.jpg,0
img_b6f922af67.jpg,0
img_bdba59ea39.jpg,0
img_a14af08617.jpg,0
img_b201746392.jpg,0
img_45991c864a.jpg,0
img_7140137888.jpg,0
img_620990d2dc.jpg,0
img_b424433115.jpg,0
img_8468686627.jpg,0
img_39fbdcb26c.jpg,0
img_6ae8c04524.jpg,0
img_7e350fc4b1.jpg,0
img_4daeafe42b.jpg,0
img_ce45f8910a.jpg,0
img_10e3f47a3a.jpg,0
img_64e1def6b5.jpg,0
img_09dc07e372.jpg,0
img_e665d177d5.jpg,0
img_134701562e.jpg,0
img_71ba6d0279.jpg,0
img_43b0ef6b37.jpg,0
img_70f5d152b1.jpg,0
img_1ca8bf9038.jpg,0
img_be9154234d.jpg,0
img_6bc277ff88.jpg,0
img_8473b5be7a.jpg,0
img_dd282a7304.jpg,0
img_c145de7ff4.jpg,0
img_fbbb3be203.jpg,0
img_c26b6a297e.jpg,0
img_33714b446c.jpg,0
img_d950d08b39.jpg,0
img_edbde58c90.jpg,0
img_f9a52b2640.jpg,0
img_aeffe5eadc.jpg,0
img_7c90591d8c.jpg,0
img_c69e6342af.jpg,0
img_0c06878796.jpg,0
img_2e93645437.jpg,0
img_2c5317778b.jpg,0
img_aecf0c2568.jpg,0
img_0153dafb87.jpg,0
img_0056347016.jpg,0
img_0e719e7571.jpg,0
img_59592da921.jpg,0
img_426bbec677.jpg,0
img_fe2269bd3c.jpg,0
img_8a089053b5.jpg,0
img_5983afdad4.jpg,0
img_ae2e8fcee9.jpg,0
img_963254334a.jpg,0
img_1ebef81851.jpg,0
img_3eff481740.jpg,0
img_902cd7b96d.jpg,0
img_8a0bd32c37.jpg,0
img_12f40751a6.jpg,0
img_74e9f81c75.jpg,0
img_425856dc56.jpg,0
img_da809d3b1f.jpg,0
img_e9d9ad01cf.jpg,0
img_708067db62.jpg,0
img_ec844f42fe.jpg,0
img_8b062d1b09.jpg,0
img_2c45946b21.jpg,0
img_608869ee71.jpg,0
img_ecb6f86451.jpg,0
img_c198c33efb.jpg,0
img_531d503de1.jpg,0
img_d39183ca25.jpg,0
img_6a641cbef9.jpg,0
img_717f022855.jpg,0
img_ae6893ab0f.jpg,0
img_b2d3ac8a51.jpg,0
img_ce753796ee.jpg,0
img_cb0955cbf2.jpg,0
img_3ef889abc1.jpg,0
img_c97a38b972.jpg,0
img_9d7159af0b.jpg,0
img_a5f7f463b8.jpg,0
img_bc2f4d7ac8.jpg,0
img_97d7cd1ac9.jpg,0
img_8479ac5df0.jpg,0
img_cb30c7e317.jpg,0
img_bbb3cd5a19.jpg,0
img_7b10acd97d.jpg,0
img_0e199b3ad0.jpg,0
img_42772f0fb7.jpg,0
img_8db769d59d.jpg,0
img_cae512a4a1.jpg,0
img_201ba31bd7.jpg,0
img_47095a4a87.jpg,0
img_3a4b9d0f3e.jpg,0
img_e66d84b0bd.jpg,0
img_09625c16c6.jpg,0
img_32f237d711.jpg,0
img_5bf2e55211.jpg,0
img_4eba122102.jpg,0
img_e23e9e7dba.jpg,0
img_8d481c38b7.jpg,0
img_468af89e94.jpg,0
img_7fb905c5ba.jpg,0
img_46d720a4db.jpg,0
img_54cde42488.jpg,0
img_6b6dd0d1f6.jpg,0
img_f2a4b35587.jpg,0
img_7e38df1530.jpg,0
img_73ee1bdcd7.jpg,0
img_dc9f00e272.jpg,0
img_caa3b7355c.jpg,0
img_16f8ac0717.jpg,0
img_9a319f855f.jpg,0
img_ccf19f2d5a.jpg,0
img_9a53f57b82.jpg,0
img_fa26911815.jpg,0
img_3f9270e968.jpg,0
img_b4b8c97b11.jpg,0
img_fbe55bd85f.jpg,0
img_84d0af15f9.jpg,0
img_5d52e38eb3.jpg,0
img_7042d3b977.jpg,0
img_ea2cf37553.jpg,0
img_dc8b5bf80d.jpg,0
img_2116258b74.jpg,0
img_7d3ea7ab0b.jpg,0
img_71d4d142d4.jpg,0
img_ebb25873e7.jpg,0
img_5c3c8660ad.jpg,0
img_300bb2b5a4.jpg,0
img_c365fc47eb.jpg,0
img_7adc7e9d3e.jpg,0
img_80661e71ce.jpg,0
img_1022e18489.jpg,0
img_b07c43e974.jpg,0
img_6bbf0e2cee.jpg,0
img_b8c27e53c5.jpg,0
img_307930104f.jpg,0
img_aaab13352d.jpg,0
img_24df9ae0ba.jpg,0
img_00a5a16911.jpg,0
img_ba26a07b45.jpg,0
img_eae7d599d9.jpg,0
img_b7d601b0bc.jpg,0
img_61bdb4cc60.jpg,0
img_d082e01d81.jpg,0
img_9796ede19a.jpg,0
img_d8988dbb0a.jpg,0
img_e08d953cfa.jpg,0
img_37accbda0a.jpg,0
img_31008f1b1f.jpg,0
img_e707b6c5d9.jpg,0
img_85859a6383.jpg,0
img_e0c0ad7498.jpg,0
img_eef76f1f33.jpg,0
img_fb0a2eca14.jpg,0
img_933ede24d5.jpg,0
img_e0412dfeab.jpg,0
img_c75eab6156.jpg,0
img_dcebb1a92b.jpg,0
img_e6be08920f.jpg,0
img_a605bbe316.jpg,0
img_091331a4ce.jpg,0
img_35b037251a.jpg,0
img_6e8b4a2c64.jpg,0
img_bfb3493ba2.jpg,0
img_fd9dcdc23d.jpg,0
img_7305a2d9c4.jpg,0
img_611c4e3975.jpg,0
img_d9936b4d19.jpg,0
img_ed7c5d5d44.jpg,0
img_5796b443d5.jpg,0
img_f7436e894d.jpg,0
img_0cbcda58f0.jpg,0
img_b68f90f8d7.jpg,0
img_27ac440178.jpg,0
img_a95c28fc38.jpg,0
img_40d8da713e.jpg,0
img_56108dcca4.jpg,0
img_a9e1273c0e.jpg,0
img_acf00b23c9.jpg,0
img_c77899e901.jpg,0
img_ca30ab065f.jpg,0
img_31d6a5286a.jpg,0
img_603a1a169f.jpg,0
img_c6751dd9cf.jpg,0
img_9a8c10cc76.jpg,0
img_443c3224b9.jpg,0
img_f53e0e0338.jpg,0
img_f28610ae2d.jpg,0
img_89fb1f22a6.jpg,0
img_8a2473b6f9.jpg,0
img_44a203af9b.jpg,0
img_12fdafd831.jpg,0
img_28cc79a3d4.jpg,0
img_a0d2741b3a.jpg,0
img_c74f724587.jpg,0
img_d8202e2fae.jpg,0
img_c3ea354623.jpg,0
img_120a2e0400.jpg,0
img_102b348502.jpg,0
img_800bd75f1f.jpg,0
img_f7bb2f998b.jpg,0
img_b5acf2d27f.jpg,0
img_dee3caff2c.jpg,0
img_fb314e3233.jpg,0
img_ef6630cec9.jpg,0
img_3f5b8f8a44.jpg,0
img_8675164b84.jpg,0
img_d171f3ee18.jpg,0
img_035bf23f6d.jpg,0
img_d2a2ac1965.jpg,0
img_8ac9b3f6bb.jpg,0
img_deded4c845.jpg,0
img_d9ad0096bc.jpg,0
img_0a6d585b80.jpg,0
img_4b101271fa.jpg,0
img_858e59ee0b.jpg,0
img_b80dea2b51.jpg,0
img_5925148042.jpg,0
img_28c1d05e3a.jpg,0
img_efed2615d9.jpg,0
img_da3889d7c3.jpg,0
img_4a763f2a53.jpg,0
img_228648ab24.jpg,0
img_9dcd7365d0.jpg,0
img_6021516cb0.jpg,0
img_8b2fda9a93.jpg,0
img_a503e68e4c.jpg,0
img_f2e9a758de.jpg,0
img_ae22993624.jpg,0
img_da233de8d4.jpg,0
img_0d66770ef7.jpg,0
img_5415eea589.jpg,0
img_f9971111b6.jpg,0
img_9002664983.jpg,0
img_914a47af81.jpg,0
img_8e7dd9dbaf.jpg,0
img_9f809ae66b.jpg,0
img_01fe17a802.jpg,0
img_cf5a453667.jpg,0
img_dfd1b4e3b9.jpg,0
img_e51459d02c.jpg,0
img_3ce4a8f325.jpg,0
img_0bf8e4352e.jpg,0
img_85a8bafff8.jpg,0
img_67c19fe60b.jpg,0
img_80f524529f.jpg,0
img_4e5ff4c96c.jpg,0
img_fb672b7963.jpg,0
img_0d6d323700.jpg,0
img_3e12f272d2.jpg,0
img_ebcc1c2182.jpg,0
img_46d51d9b64.jpg,0
img_0c8b74d2a9.jpg,0
img_a0f81e7d61.jpg,0
img_6449670d14.jpg,0
img_b9249c13ed.jpg,0
img_76672b157f.jpg,0
img_767f154679.jpg,0
img_7ac1f98082.jpg,0
img_9b378151b0.jpg,0
img_656044698b.jpg,0
img_cb76a32159.jpg,0
img_2f62b62286.jpg,0
img_ae0be08ae2.jpg,0
img_d7110483ad.jpg,0
img_dc8b13e7cf.jpg,0
img_6fc3ad73ff.jpg,0
img_782f437f03.jpg,0
img_9028bfb977.jpg,0
img_949d910ac6.jpg,0
img_161115a79c.jpg,0
img_bcac25dde5.jpg,0
img_80f3465408.jpg,0
img_7147b82e61.jpg,0
img_3e5b23f9be.jpg,0
img_71af999827.jpg,0
img_f0ea3fc0dc.jpg,0
img_4188332c40.jpg,0
img_0e00e12991.jpg,0
img_303121bf3f.jpg,0
img_41aa4e4d1b.jpg,0
img_0aa49073a7.jpg,0
img_f3cf1c6953.jpg,0
img_5806c5b61c.jpg,0
img_dca025dd71.jpg,0
img_bb3f71b05c.jpg,0
img_f681831514.jpg,0
img_dc43fedb24.jpg,0
img_a5f7b89a44.jpg,0
img_cc7e6be9ed.jpg,0
img_c018f96153.jpg,0
img_f897319ba6.jpg,0
img_21cc3b6dff.jpg,0
img_167a15b8be.jpg,0
img_2f5497fd3f.jpg,0
img_26fd9b8565.jpg,0
img_f7980935c2.jpg,0
img_3929da5159.jpg,0
img_c3fe32c3a4.jpg,0
img_f7475dfb2a.jpg,0
img_b8b906ec81.jpg,0
img_93fb6be9ec.jpg,0
img_c574e6f1d1.jpg,0
img_54b9b14bef.jpg,0
img_8c68fe783e.jpg,0
img_6ec001adc7.jpg,0
img_de4e77af49.jpg,0
img_5fa18c1185.jpg,0
img_9a67f9fa58.jpg,0
img_7d504543e6.jpg,0
img_6f2ee3938f.jpg,0
img_4e1c5c5a3c.jpg,0
img_b5c7baf2fc.jpg,0
img_a90105b206.jpg,0
img_97b9ab1a3f.jpg,0
img_2a82600de4.jpg,0
img_2bb28acb88.jpg,0
img_20e3ec5752.jpg,0
img_ca0951d105.jpg,0
img_3ac5838cd2.jpg,0
img_bca60bcf55.jpg,0
img_00aa15f342.jpg,0
img_a50ce900e8.jpg,0
img_fa41ef23ec.jpg,0
img_db21c0b617.jpg,0
img_29978e711c.jpg,0
img_a1efb8c984.jpg,0
img_74defed2d9.jpg,0
img_9688dd4f33.jpg,0
img_80a78f48b2.jpg,0
img_f2018c3273.jpg,0
img_9addeace88.jpg,0
img_08be2d6cef.jpg,0
img_9069045e8a.jpg,0
img_6fb8fe8546.jpg,0
img_eb39b28304.jpg,0
img_14e1247ed1.jpg,0
img_f1d0628c98.jpg,0
img_4134f33c51.jpg,0
img_89b8d414d6.jpg,0
img_7b46e36aa9.jpg,0
img_c442e43b90.jpg,0
img_59880c0788.jpg,0
img_616ce5b4f6.jpg,0
img_7ac76fcca8.jpg,0
img_01649bd6bd.jpg,0
img_d41ea1408e.jpg,0
img_49114e6230.jpg,0
img_1fdf1271af.jpg,0
img_0facf5eb21.jpg,0
img_fd674f0d2e.jpg,0
img_8dbc7428d0.jpg,0
img_0582edb791.jpg,0
img_af9fa54222.jpg,0
img_0322ab5b66.jpg,0
img_c1fac65fc5.jpg,0
img_e356667f6d.jpg,0
img_4870ec327a.jpg,0
img_26a196d84a.jpg,0
img_f27816ff1b.jpg,0
img_e3c93bc00a.jpg,0
img_b917574c04.jpg,0
img_9760ae9c0c.jpg,0
img_1dff77b2c2.jpg,0
img_09ffd8a576.jpg,0
img_bd918431b1.jpg,0
img_ead84f00bf.jpg,0
img_31cc05e7b8.jpg,0
img_5d57ffbb06.jpg,0
img_3ebd13944e.jpg,0
img_e6d89f0d69.jpg,0
img_681fb8fb47.jpg,0
img_3bd5658609.jpg,0
img_2d497097cc.jpg,0
img_ccdb13af95.jpg,0
img_1a8cd404ef.jpg,0
img_9627c5fb85.jpg,0
img_12c82910cb.jpg,0
img_c350fa1b3d.jpg,0
img_8fbf8b7d68.jpg,0
img_2359caff05.jpg,0
img_0bac6c2c10.jpg,0
img_bb21d8a95e.jpg,0
img_7578c3b707.jpg,0
img_7033cad31a.jpg,0
img_47ed0a1225.jpg,0
img_d63af87419.jpg,0
img_3d869674bd.jpg,0
img_512eb2d4de.jpg,0
img_716684e104.jpg,0
img_e95c11c3b9.jpg,0
img_4f886225b9.jpg,0
img_a2051367ed.jpg,0
img_bf7c287693.jpg,0
img_2ed4602ac6.jpg,0
img_449b698c28.jpg,0
img_2463a13992.jpg,0
img_dad40a7ceb.jpg,0
img_602037d04c.jpg,0
img_d6f9520988.jpg,0
img_0d4dbd254b.jpg,0
img_0b34ebac0e.jpg,0
img_fb767cf4dc.jpg,0
img_ead3247d48.jpg,0
img_157ce03263.jpg,0
img_3208dc0ff3.jpg,0
img_a3f698cb25.jpg,0
img_1f11cd2328.jpg,0
img_acfc509939.jpg,0
img_53874acc92.jpg,0
img_80db113c07.jpg,0
img_8cb5b5335d.jpg,0
img_15016d1009.jpg,0
img_9d3934d785.jpg,0
img_52362cccbd.jpg,0
img_59521ffc1c.jpg,0
img_45942f7677.jpg,0
img_e9b764f73f.jpg,0
img_bcbc128288.jpg,0
img_76a4bfdf10.jpg,0
img_2cceda3463.jpg,0
img_8c2d10025d.jpg,0
img_306e75e8fd.jpg,0
img_fb39b50597.jpg,0
img_850e170101.jpg,0
img_fcc0bf2a09.jpg,0
img_e77f822722.jpg,0
img_6d4f4d2c50.jpg,0
img_9305489f97.jpg,0
img_7cd7eaeb83.jpg,0
img_9c5fffde74.jpg,0
img_c2d1599f9a.jpg,0
img_4a7bd0e266.jpg,0
img_535a9e276e.jpg,0
img_09ff342221.jpg,0
img_081ab501ee.jpg,0
img_b3a5eb0068.jpg,0
img_7ae8d8dcad.jpg,0
img_1237b64d04.jpg,0
img_37b4581f6b.jpg,0
img_1c736ff75e.jpg,0
img_1c7c40afa8.jpg,0
img_c2da0038bb.jpg,0
img_ee70c20238.jpg,0
img_7ab12518ca.jpg,0
img_5baa501c46.jpg,0
img_339b92a311.jpg,0
img_7c91d9a283.jpg,0
img_f8f16eeba4.jpg,0
img_5ae3a2c774.jpg,0
img_7a8a3c1d65.jpg,0
img_dd71a8df41.jpg,0
img_916df37757.jpg,0
img_03ff56ff93.jpg,0
img_70e6ced39e.jpg,0
img_a0285be90a.jpg,0
img_2fee5b7549.jpg,0
img_074a6e0a2a.jpg,0
img_289921bee0.jpg,0
img_daebeb61b9.jpg,0
img_2c5b611d32.jpg,0
img_52d5fb2355.jpg,0
img_44e67b2104.jpg,0
img_205e5b4931.jpg,0
img_b45022aa94.jpg,0
img_cba282cca5.jpg,0
img_82fd37c4ed.jpg,0
img_92dcc415e9.jpg,0
img_05164652a8.jpg,0
img_4306d8aec6.jpg,0
img_8d894b4055.jpg,0
img_46b9508cfa.jpg,0
img_94c0a46570.jpg,0
img_3bf43365bf.jpg,0
img_91b17b4b78.jpg,0
img_d837be3857.jpg,0
img_89217df82c.jpg,0
img_3927d302df.jpg,0
img_c95cb11a96.jpg,0
img_3f11827403.jpg,0
img_4e54a8af95.jpg,0
img_9a7cbc34ad.jpg,0
img_1b4105145d.jpg,0
img_72b8eb5a29.jpg,0
img_aa5817c884.jpg,0
img_80101c926e.jpg,0
img_b7ebf2619c.jpg,0
img_0c39fec80f.jpg,0
img_57f4e15b8e.jpg,0
img_e7ef61d3d0.jpg,0
img_73b3686b34.jpg,0
img_dfb180b46f.jpg,0
img_ffc12db5fe.jpg,0
img_3813ce53e4.jpg,0
img_68f9835493.jpg,0
img_7e23effa64.jpg,0
img_e9b7250504.jpg,0
img_aeb5ad2e00.jpg,0
img_2fb947d46b.jpg,0
img_95f5d44874.jpg,0
img_2deefadeff.jpg,0
img_5f54ae3e3f.jpg,0
img_552e0612ac.jpg,0
img_68ff030db0.jpg,0
img_b4126ff103.jpg,0
img_0309b4baaf.jpg,0
img_4f3cda6559.jpg,0
img_141cffd8c6.jpg,0
img_4064ebfd1a.jpg,0
img_e6a0f42836.jpg,0
img_2d96351895.jpg,0
img_071fed0abf.jpg,0
img_801bfe858f.jpg,0
img_7d97571a46.jpg,0
img_d8c8ca6895.jpg,0
img_3f1ab5dd3b.jpg,0
img_994627fecc.jpg,0
img_a61001806f.jpg,0
img_1e3f02166e.jpg,0
img_5956e7bc9c.jpg,0
img_9ee37ab6bc.jpg,0
img_47428ea098.jpg,0
img_eb3307e34a.jpg,0
img_da63e365c2.jpg,0
img_0433ca2295.jpg,0
img_fdd8a0a220.jpg,0
img_89d751edf2.jpg,0
img_5fe8bea9dc.jpg,0
img_cab36e2b62.jpg,0
img_da0c7199b2.jpg,0
img_0dd5f47da7.jpg,0
img_e32896f4ef.jpg,0
img_cd96c01ca7.jpg,0
img_d1cb9ab537.jpg,0
img_f9794a0fa6.jpg,0
img_fcc750ff07.jpg,0
img_59a92f3f80.jpg,0
img_3991071520.jpg,0
img_9b57482e56.jpg,0
img_6713e43f0f.jpg,0
img_4c7f3cb942.jpg,0
img_7fcba05c4a.jpg,0
img_5601a6c4fd.jpg,0
img_23fd8fdab8.jpg,0
img_cf39fc2e74.jpg,0
img_e44e52cc36.jpg,0
img_fc3058806b.jpg,0
img_996bd0e87b.jpg,0
img_a90e63553a.jpg,0
img_3c4926728f.jpg,0
img_398bd2886e.jpg,0
img_22f0384867.jpg,0
img_b816d4f429.jpg,0
img_aa6ca89832.jpg,0
img_0624c6f64c.jpg,0
img_3423f2ee27.jpg,0
img_416a6cb97f.jpg,0
img_d6467a4185.jpg,0
img_766ee9a34e.jpg,0
img_5760006aa0.jpg,0
img_ae57bef72c.jpg,0
img_edcc75f2bc.jpg,0
img_f58353329b.jpg,0
img_9872de34eb.jpg,0
img_c033fe24f9.jpg,0
img_cd1114b69b.jpg,0
img_cde1a04505.jpg,0
img_fa89fc69e8.jpg,0
img_2eed9b3271.jpg,0
img_abc849abfc.jpg,0
img_8d67b2aaa9.jpg,0
img_3e42129d15.jpg,0
img_434d49c23c.jpg,0
img_c13b8460b9.jpg,0
img_4c4858c448.jpg,0
img_f9dd3d76aa.jpg,0
img_601b14d07b.jpg,0
img_11e95c3960.jpg,0
img_95bbcaed92.jpg,0
img_6ea9c43522.jpg,0
img_196098cabc.jpg,0
img_9796152b07.jpg,0
img_d9ed35f3c7.jpg,0
img_e04ab864ea.jpg,0
img_1a74d5cd01.jpg,0
img_c2917d415b.jpg,0
img_0aebbc1365.jpg,0
img_14fa84337b.jpg,0
img_309ebbb22f.jpg,0
img_7066997a47.jpg,0
img_92e002ad00.jpg,0
img_43c6f8e211.jpg,0
img_1ecfe368f4.jpg,0
img_bd39468b98.jpg,0
img_6801af09ab.jpg,0
img_5f790fe489.jpg,0
img_708c0f2426.jpg,0
img_ce92069f8b.jpg,0
img_974bffafc0.jpg,0
img_9144ada1ce.jpg,0
img_b835c760c9.jpg,0
img_c1b5b9505e.jpg,0
img_3d43dfcc53.jpg,0
img_3ea5410ce8.jpg,0
img_509368cbee.jpg,0
img_840fcc5d5d.jpg,0
img_6c9a85b8c3.jpg,0
img_2c0d0c00b1.jpg,0
img_9ba4f587ef.jpg,0
img_29bc6ae1b4.jpg,0
img_624ef37d2a.jpg,0
img_05e12dcdb0.jpg,0
img_240e953118.jpg,0
img_1bdcb645be.jpg,0
img_7538b1fc3e.jpg,0
img_8f0221e88a.jpg,0
img_c3c57235ee.jpg,0
img_55b51cab2f.jpg,0
img_2e3afba0bd.jpg,0
img_83da6ce2be.jpg,0
img_e66710e016.jpg,0
img_e54c42728a.jpg,0
img_ac0435fa1d.jpg,0
img_6c77eb3ce1.jpg,0
img_23227bd3ab.jpg,0
img_0118bba1f6.jpg,0
img_323829b4c6.jpg,0
img_3a3d5b805c.jpg,0
img_c50bc5854a.jpg,0
img_7539e0856d.jpg,0
img_7783c8795f.jpg,0
img_19b91c4364.jpg,0
img_ddcb085222.jpg,0
img_4d669c994b.jpg,0
img_589b8bed1a.jpg,0
img_5ac7195ea8.jpg,0
img_c8baf6cbbf.jpg,0
img_49d373d579.jpg,0
img_e96c3c728e.jpg,0
img_d62636b393.jpg,0
img_93ab6a46a3.jpg,0
img_1a060ac644.jpg,0
img_040daadc8b.jpg,0
img_c55746efd8.jpg,0
img_904f50ade0.jpg,0
img_8b64b1127d.jpg,0
img_d096f05981.jpg,0
img_32907397a6.jpg,0
img_d6566f1fb0.jpg,0
img_0b757e9548.jpg,0
img_53402014f2.jpg,0
img_1e9bd38f37.jpg,0
img_099d2dcc09.jpg,0
img_55d951773d.jpg,0
img_d32498685e.jpg,0
img_52dce0c051.jpg,0
img_027031750f.jpg,0
img_a1581111dd.jpg,0
img_0bdf31af75.jpg,0
img_3edbb53746.jpg,0
img_d856642b16.jpg,0
img_d90a485086.jpg,0
img_5f46a19db2.jpg,0
img_10fa3b3b4a.jpg,0
img_b6074bdbad.jpg,0
img_816535cfb4.jpg,0
img_059cc96fed.jpg,0
img_c14e7a7cff.jpg,0
img_d26f3a6bb6.jpg,0
img_523a9f4ecc.jpg,0
img_9860812123.jpg,0
img_645d5599e6.jpg,0
img_be6cdfe7db.jpg,0
img_f1447a7fd2.jpg,0
img_9d33c0fdc4.jpg,0
img_5fdafa2a28.jpg,0
img_fd27a3bb76.jpg,0
img_ff6e71d3d9.jpg,0
img_11c0acbae0.jpg,0
img_0cdfbade84.jpg,0
img_1290ac08ee.jpg,0
img_ae88f465aa.jpg,0
img_2016aecde3.jpg,0
img_4d4a68208a.jpg,0
img_822ca2f724.jpg,0
img_1b79314f4b.jpg,0
img_ec8311e4a1.jpg,0
img_c524e5f898.jpg,0
img_31fdc71eb4.jpg,0
img_ba06d122c9.jpg,0
img_bf4448c693.jpg,0
img_6d66b7f510.jpg,0
img_099ca08dd9.jpg,0
img_56958f5c76.jpg,0
img_da48cc7c18.jpg,0
img_16f3a63526.jpg,0
img_4cf21dbf62.jpg,0
img_15842122e4.jpg,0
img_2e9895128c.jpg,0
img_bcb12bd766.jpg,0
img_349e139343.jpg,0
img_c01f659250.jpg,0
img_badd100ab5.jpg,0
img_36aaf9a1a6.jpg,0
img_13ca104e6b.jpg,0
img_8bb92314a8.jpg,0
img_f86203a87f.jpg,0
img_bcc29aa6b5.jpg,0
img_24a007a9f4.jpg,0
img_2e56b41795.jpg,0
img_257bf86e02.jpg,0
img_8eba197cd4.jpg,0
img_92c3e5b687.jpg,0
img_3634752b12.jpg,0
img_9727d99491.jpg,0
img_e38390a4ca.jpg,0
img_e8a2087075.jpg,0
img_4727f545e6.jpg,0
img_152db99167.jpg,0
img_2fd685d238.jpg,0
img_c6aedaf619.jpg,0
img_e78a8266f5.jpg,0
img_fb8cd13d9a.jpg,0
img_873ad3eef3.jpg,0
img_e901a2d678.jpg,0
img_1546286370.jpg,0
img_7e35a4caf6.jpg,0
img_6fbac6ebd1.jpg,0
img_1d9decaf72.jpg,0
img_1aad05f5a0.jpg,0
img_c3f736cf57.jpg,0
img_691456b298.jpg,0
img_aaafaf14f7.jpg,0
img_f66de4a4b6.jpg,0
img_fd61afa37e.jpg,0
img_6c5e8fadf9.jpg,0
img_7c5a71c5cf.jpg,0
img_5b1189337d.jpg,0
img_f81139aef1.jpg,0
img_7ee84a1900.jpg,0
img_44117aa3fd.jpg,0
img_f85040ebdb.jpg,0
img_d25ffce729.jpg,0
img_fddef9f93f.jpg,0
img_01b3362c26.jpg,0
img_04b07e9073.jpg,0
img_d8e8cc55d8.jpg,0
img_bb4df827e2.jpg,0
img_ef313996b7.jpg,0
img_619ce5c146.jpg,0
img_34939629f0.jpg,0
img_c82343a6e3.jpg,0
img_836e5872bf.jpg,0
img_4b82aac136.jpg,0
img_87725ff2a5.jpg,0
img_9276c16d6f.jpg,0
img_5a5a97adc3.jpg,0
img_b9593f27fe.jpg,0
img_3c46a39942.jpg,0
img_f5d06bed6a.jpg,0
img_001d65200c.jpg,0
img_0a9e1f59a6.jpg,0
img_56c214f9b8.jpg,0
img_a966a1e13b.jpg,0
img_f5eba326e1.jpg,0
img_6f8b0553cd.jpg,0
img_51154ca3a6.jpg,0
img_0cdded58ee.jpg,0
img_3b523b7be0.jpg,0
img_33b2689cdf.jpg,0
img_c5a20ad24a.jpg,0
img_5631569b9e.jpg,0
img_eda1528770.jpg,0
img_19ae9a847d.jpg,0
img_80126df00d.jpg,0
img_a9b0bec59c.jpg,0
img_74688441d6.jpg,0
img_d63400ffd7.jpg,0
img_7bd4b63e8b.jpg,0
img_8aaac87886.jpg,0
img_d5a8b2a9a8.jpg,0
img_ac40b91f44.jpg,0
img_c1ef27924b.jpg,0
img_b512e232ac.jpg,0
img_c0c5f1deb3.jpg,0
img_962114bd75.jpg,0
img_6a95731822.jpg,0
img_642151c8a1.jpg,0
img_3c1f37c782.jpg,0
img_ea3a7bbd87.jpg,0
img_3a5281f48c.jpg,0
img_cea33023a0.jpg,0
img_8db17f9a31.jpg,0
img_cbcba048d0.jpg,0
img_59e4805fbe.jpg,0
img_d6f0ad948e.jpg,0
img_48e6ea364b.jpg,0
img_f141836571.jpg,0
img_31138c2e00.jpg,0
img_7bc211d8c6.jpg,0
img_1bde0adbdd.jpg,0
img_9236f22d4b.jpg,0
img_06d956467b.jpg,0
img_fcd73ebb9b.jpg,0
img_33cc6d0fdc.jpg,0
img_4a85d0f6a8.jpg,0
img_b49a4715b4.jpg,0
img_e3c0f8cd7c.jpg,0
img_47db2432cd.jpg,0
img_775e8e173c.jpg,0
img_96d43ff759.jpg,0
img_f70be829b4.jpg,0
img_a056c23a4b.jpg,0
img_fbe0456fb1.jpg,0
img_bcd2471eba.jpg,0
img_22c3e1c7ab.jpg,0
img_6ab40c0ddc.jpg,0
img_00b018e495.jpg,0
img_44506752fb.jpg,0
img_ebe0fa0588.jpg,0
img_6291ae29d6.jpg,0
img_c8ecd62385.jpg,0
img_a651a6737f.jpg,0
img_69f74f62ee.jpg,0
img_0dbe2e8ec6.jpg,0
img_d29eb040f3.jpg,0
img_b2a7e21379.jpg,0
img_ac6f7b2ae5.jpg,0
img_a2d4d7c28a.jpg,0
img_8c4670c4af.jpg,0
img_836c15acd8.jpg,0
img_ad6e40b1e0.jpg,0
img_7edadf2b9c.jpg,0
img_0b363eb35c.jpg,0
img_69fcdc031b.jpg,0
img_b61b162293.jpg,0
img_6dd7c70100.jpg,0
img_9931881a8a.jpg,0
img_919039c80e.jpg,0
img_6543917da5.jpg,0
img_65110caaf2.jpg,0
img_9d40da7cf7.jpg,0
img_3995d016a8.jpg,0
img_efc8f5c082.jpg,0
img_f7b1283045.jpg,0
img_28687f2d8a.jpg,0
img_1c6c019f68.jpg,0
img_ec959889c2.jpg,0
img_e919517b8a.jpg,0
img_88afa1c1b8.jpg,0
img_b15b88ea26.jpg,0
img_39888414d4.jpg,0
img_45d865d0e8.jpg,0
img_d22f41e0a0.jpg,0
img_489656ddc8.jpg,0
img_692f300f30.jpg,0
img_7743dd49f7.jpg,0
img_ea84769f5e.jpg,0
img_302c81cb79.jpg,0
img_fd9e00c360.jpg,0
img_aeeb07e97a.jpg,0
img_371d6bb0e4.jpg,0
img_62cbf86854.jpg,0
img_f0da03ec28.jpg,0
img_ec9cc604e6.jpg,0
img_d4d619e53b.jpg,0
img_a65d8b4d4c.jpg,0
img_54617271f6.jpg,0
img_c985f63136.jpg,0
img_b2a6ebf5bd.jpg,0
img_2f20dce192.jpg,0
img_c04614d7b1.jpg,0
img_f44cdaf35d.jpg,0
img_d83a40802b.jpg,0
img_9b2205feac.jpg,0
img_5cbded49e0.jpg,0
img_45db835d33.jpg,0
img_ec119aba5c.jpg,0
img_4bf203ca03.jpg,0
img_0f6d6b308c.jpg,0
img_f61b458bc2.jpg,0
img_400c491fa7.jpg,0
img_882d46a382.jpg,0
img_4fc4220c62.jpg,0
img_9712ea00f9.jpg,0
img_c09e4efc76.jpg,0
img_17dafe37d2.jpg,0
img_aa274bbb30.jpg,0
img_a349c7323f.jpg,0
img_8b8aaa3a12.jpg,0
img_1864fda6e0.jpg,0
img_04d2818a03.jpg,0
img_3da3e7fcd0.jpg,0
img_51fe2be25a.jpg,0
img_af394af9d1.jpg,0
img_77c2a5a12f.jpg,0
img_d3281e8038.jpg,0
img_8781d7b55b.jpg,0
img_b5709c314c.jpg,0
img_1d5997513b.jpg,0
img_946ef89abe.jpg,0
img_5e8c045a5f.jpg,0
img_4a5545e842.jpg,0
img_d164622c58.jpg,0
img_b456235bc9.jpg,0
img_7e93d65b03.jpg,0
img_70b109fecf.jpg,0
img_9392430ac7.jpg,0
img_7eca6d9358.jpg,0
img_c9ac9450a6.jpg,0
img_b89ea05b4a.jpg,0
img_7c892c68af.jpg,0
img_2ba69c9890.jpg,0
img_c9ccb0691b.jpg,0
img_59557bb445.jpg,0
img_b2d881d535.jpg,0
img_aea4bc27a7.jpg,0
img_fc6bab12be.jpg,0
img_7a89d950f0.jpg,0
img_bf5edc61ff.jpg,0
img_76346aaf3b.jpg,0
img_5f9919502b.jpg,0
img_f0efd260a5.jpg,0
img_fd067edf0e.jpg,0
img_6a789f61ce.jpg,0
img_edc0e07206.jpg,0
img_2765e37cb9.jpg,0
img_63d8c18e97.jpg,0
img_2051816975.jpg,0
img_fe626a833f.jpg,0
img_32be3213c3.jpg,0
img_41db75129e.jpg,0
img_d96fde7634.jpg,0
img_a65773cf2a.jpg,0
img_fe9357e281.jpg,0
img_0cbd852b01.jpg,0
img_513b846abe.jpg,0
img_885a152177.jpg,0
img_a7e87c1f9c.jpg,0
img_b5b37cb079.jpg,0
img_ce87be478b.jpg,0
img_2802b96c00.jpg,0
img_701fbe91c3.jpg,0
img_79b3b4a88a.jpg,0
img_86e62f20e2.jpg,0
img_f8ddb0a8b1.jpg,0
img_076e0dc848.jpg,0
